{
 "f": [
  {
   "__tuple__": true, 
   "items": [
    "", 
    0, 
    2147483647, 
    "code_explorer_custom_root_folder_name"
   ]
  }, 
  {
   "__tuple__": true, 
   "items": [
    "/2147483647", 
    0, 
    "IxyJ4SUjEe6msoD6W2spCO", 
    "AISkill"
   ]
  }, 
  {
   "__tuple__": true, 
   "items": [
    "/2147483647", 
    1, 
    "8Wy48B4IEe6mO4D6W2spCJ", 
    "ActiveSkill"
   ]
  }, 
  {
   "__tuple__": true, 
   "items": [
    "/2147483647/8Wy48B4IEe6mO4D6W2spCJ", 
    0, 
    "717sTx5wEe6XToD6W2spCD", 
    "Forest"
   ]
  }, 
  {
   "__tuple__": true, 
   "items": [
    "/2147483647/8Wy48B4IEe6mO4D6W2spCJ", 
    1, 
    "uMmI0R5wEe6LD4D6W2spCE", 
    "Fire"
   ]
  }, 
  {
   "__tuple__": true, 
   "items": [
    "/2147483647/8Wy48B4IEe6mO4D6W2spCJ", 
    2, 
    "HjYAUR5wEe6TO4D6W2spCP", 
    "Wind"
   ]
  }, 
  {
   "__tuple__": true, 
   "items": [
    "/2147483647/8Wy48B4IEe6mO4D6W2spCJ", 
    3, 
    "JmM5gB4JEe6W-YD6W2spCC", 
    "Ice"
   ]
  }, 
  {
   "__tuple__": true, 
   "items": [
    "/2147483647", 
    2, 
    "9s-24R4IEe6ulYD6W2spCK", 
    "NormalAttack"
   ]
  }
 ], 
 "d": {
  "134249561": {
   "__tuple__": true, 
   "items": [
    "IxyJ4SUjEe6msoD6W2spCO", 
    0
   ]
  }, 
  "134265321": {
   "__tuple__": true, 
   "items": [
    "IxyJ4SUjEe6msoD6W2spCO", 
    1
   ]
  }, 
  "134263187": {
   "__tuple__": true, 
   "items": [
    "IxyJ4SUjEe6msoD6W2spCO", 
    2
   ]
  }, 
  "134272717": {
   "__tuple__": true, 
   "items": [
    "IxyJ4SUjEe6msoD6W2spCO", 
    3
   ]
  }, 
  "134278743": {
   "__tuple__": true, 
   "items": [
    "IxyJ4SUjEe6msoD6W2spCO", 
    4
   ]
  }, 
  "134267326": {
   "__tuple__": true, 
   "items": [
    "IxyJ4SUjEe6msoD6W2spCO", 
    5
   ]
  }, 
  "134257408": {
   "__tuple__": true, 
   "items": [
    "IxyJ4SUjEe6msoD6W2spCO", 
    6
   ]
  }, 
  "134274801": {
   "__tuple__": true, 
   "items": [
    "IxyJ4SUjEe6msoD6W2spCO", 
    7
   ]
  }, 
  "134240351": {
   "__tuple__": true, 
   "items": [
    "717sTx5wEe6XToD6W2spCD", 
    0
   ]
  }, 
  "134250150": {
   "__tuple__": true, 
   "items": [
    "717sTx5wEe6XToD6W2spCD", 
    1
   ]
  }, 
  "134242303": {
   "__tuple__": true, 
   "items": [
    "717sTx5wEe6XToD6W2spCD", 
    2
   ]
  }, 
  "134227891": {
   "__tuple__": true, 
   "items": [
    "uMmI0R5wEe6LD4D6W2spCE", 
    0
   ]
  }, 
  "134234822": {
   "__tuple__": true, 
   "items": [
    "uMmI0R5wEe6LD4D6W2spCE", 
    1
   ]
  }, 
  "134260165": {
   "__tuple__": true, 
   "items": [
    "uMmI0R5wEe6LD4D6W2spCE", 
    2
   ]
  }, 
  "134247957": {
   "__tuple__": true, 
   "items": [
    "HjYAUR5wEe6TO4D6W2spCP", 
    0
   ]
  }, 
  "134244071": {
   "__tuple__": true, 
   "items": [
    "HjYAUR5wEe6TO4D6W2spCP", 
    1
   ]
  }, 
  "134236299": {
   "__tuple__": true, 
   "items": [
    "HjYAUR5wEe6TO4D6W2spCP", 
    2
   ]
  }, 
  "134264067": {
   "__tuple__": true, 
   "items": [
    "JmM5gB4JEe6W-YD6W2spCC", 
    0
   ]
  }, 
  "134271963": {
   "__tuple__": true, 
   "items": [
    "JmM5gB4JEe6W-YD6W2spCC", 
    1
   ]
  }, 
  "134261711": {
   "__tuple__": true, 
   "items": [
    "JmM5gB4JEe6W-YD6W2spCC", 
    2
   ]
  }, 
  "134267216": {
   "__tuple__": true, 
   "items": [
    "9s-24R4IEe6ulYD6W2spCK", 
    0
   ]
  }
 }
}