{
 "f": [
  {
   "__tuple__": true, 
   "items": [
    "", 
    0, 
    2147483647, 
    "code_explorer_custom_root_folder_name"
   ]
  }, 
  {
   "__tuple__": true, 
   "items": [
    "/2147483647", 
    0, 
    "xSADACFvEe6suYD6W2spCM", 
    "\u8d34\u82b1"
   ]
  }, 
  {
   "__tuple__": true, 
   "items": [
    "/2147483647", 
    1, 
    "+l1ujxtDEe6W0oD6W2spCB", 
    "\u5c71\u77f3"
   ]
  }, 
  {
   "__tuple__": true, 
   "items": [
    "/2147483647", 
    2, 
    "+l7OHhtDEe6ioYD6W2spCL", 
    "\u5efa\u7b51"
   ]
  }, 
  {
   "__tuple__": true, 
   "items": [
    "/2147483647", 
    3, 
    "+l-fjxtDEe6uOID6W2spCI", 
    "\u5899\u4f53"
   ]
  }, 
  {
   "__tuple__": true, 
   "items": [
    "/2147483647", 
    4, 
    "+mOJERtDEe6ZTYD6W2spCI", 
    "\u5730\u677f"
   ]
  }, 
  {
   "__tuple__": true, 
   "items": [
    "/2147483647", 
    5, 
    "+mXTABtDEe6Lk4D6W2spCO", 
    "\u690d\u88ab"
   ]
  }, 
  {
   "__tuple__": true, 
   "items": [
    "/2147483647", 
    6, 
    "+mkHURtDEe6mnYD6W2spCA", 
    "\u8def\u969c"
   ]
  }, 
  {
   "__tuple__": true, 
   "items": [
    "/2147483647", 
    7, 
    "+mvtgBtDEe6KYoD6W2spCD", 
    "\u5149\u7167"
   ]
  }, 
  {
   "__tuple__": true, 
   "items": [
    "/2147483647", 
    8, 
    "+m5egBtDEe6p+oD6W2spCD", 
    "\u5bb6\u5177"
   ]
  }, 
  {
   "__tuple__": true, 
   "items": [
    "/2147483647", 
    9, 
    "+nQq4RtDEe6uooD6W2spCH", 
    "\u9053\u5177"
   ]
  }
 ], 
 "d": {
  "134263393": {
   "__tuple__": true, 
   "items": [
    "xSADACFvEe6suYD6W2spCM", 
    0
   ]
  }, 
  "134240948": {
   "__tuple__": true, 
   "items": [
    "xSADACFvEe6suYD6W2spCM", 
    1
   ]
  }, 
  "134253347": {
   "__tuple__": true, 
   "items": [
    "xSADACFvEe6suYD6W2spCM", 
    2
   ]
  }, 
  "134257358": {
   "__tuple__": true, 
   "items": [
    "xSADACFvEe6suYD6W2spCM", 
    3
   ]
  }, 
  "134273341": {
   "__tuple__": true, 
   "items": [
    "+l1ujxtDEe6W0oD6W2spCB", 
    0
   ]
  }, 
  "134252543": {
   "__tuple__": true, 
   "items": [
    "+l1ujxtDEe6W0oD6W2spCB", 
    1
   ]
  }, 
  "134256998": {
   "__tuple__": true, 
   "items": [
    "+l1ujxtDEe6W0oD6W2spCB", 
    2
   ]
  }, 
  "134264122": {
   "__tuple__": true, 
   "items": [
    "+l1ujxtDEe6W0oD6W2spCB", 
    3
   ]
  }, 
  "134278905": {
   "__tuple__": true, 
   "items": [
    "+l1ujxtDEe6W0oD6W2spCB", 
    4
   ]
  }, 
  "134222259": {
   "__tuple__": true, 
   "items": [
    "+l7OHhtDEe6ioYD6W2spCL", 
    0
   ]
  }, 
  "134247829": {
   "__tuple__": true, 
   "items": [
    "+l7OHhtDEe6ioYD6W2spCL", 
    1
   ]
  }, 
  "134229901": {
   "__tuple__": true, 
   "items": [
    "+l7OHhtDEe6ioYD6W2spCL", 
    2
   ]
  }, 
  "134228777": {
   "__tuple__": true, 
   "items": [
    "+l7OHhtDEe6ioYD6W2spCL", 
    3
   ]
  }, 
  "134238185": {
   "__tuple__": true, 
   "items": [
    "+l-fjxtDEe6uOID6W2spCI", 
    0
   ]
  }, 
  "134282872": {
   "__tuple__": true, 
   "items": [
    "+l-fjxtDEe6uOID6W2spCI", 
    1
   ]
  }, 
  "134267388": {
   "__tuple__": true, 
   "items": [
    "+l-fjxtDEe6uOID6W2spCI", 
    2
   ]
  }, 
  "134223663": {
   "__tuple__": true, 
   "items": [
    "+l-fjxtDEe6uOID6W2spCI", 
    3
   ]
  }, 
  "134231950": {
   "__tuple__": true, 
   "items": [
    "+l-fjxtDEe6uOID6W2spCI", 
    4
   ]
  }, 
  "134258039": {
   "__tuple__": true, 
   "items": [
    "+l-fjxtDEe6uOID6W2spCI", 
    5
   ]
  }, 
  "134250223": {
   "__tuple__": true, 
   "items": [
    "+l-fjxtDEe6uOID6W2spCI", 
    6
   ]
  }, 
  "134242734": {
   "__tuple__": true, 
   "items": [
    "+l-fjxtDEe6uOID6W2spCI", 
    7
   ]
  }, 
  "134239022": {
   "__tuple__": true, 
   "items": [
    "+l-fjxtDEe6uOID6W2spCI", 
    8
   ]
  }, 
  "134220674": {
   "__tuple__": true, 
   "items": [
    "+l-fjxtDEe6uOID6W2spCI", 
    9
   ]
  }, 
  "134246345": {
   "__tuple__": true, 
   "items": [
    "+l-fjxtDEe6uOID6W2spCI", 
    10
   ]
  }, 
  "134221276": {
   "__tuple__": true, 
   "items": [
    "+l-fjxtDEe6uOID6W2spCI", 
    11
   ]
  }, 
  "134233768": {
   "__tuple__": true, 
   "items": [
    "+l-fjxtDEe6uOID6W2spCI", 
    12
   ]
  }, 
  "134273646": {
   "__tuple__": true, 
   "items": [
    "+l-fjxtDEe6uOID6W2spCI", 
    13
   ]
  }, 
  "134282684": {
   "__tuple__": true, 
   "items": [
    "+l-fjxtDEe6uOID6W2spCI", 
    14
   ]
  }, 
  "134246415": {
   "__tuple__": true, 
   "items": [
    "+l-fjxtDEe6uOID6W2spCI", 
    15
   ]
  }, 
  "134256518": {
   "__tuple__": true, 
   "items": [
    "+l-fjxtDEe6uOID6W2spCI", 
    16
   ]
  }, 
  "134219851": {
   "__tuple__": true, 
   "items": [
    "+mOJERtDEe6ZTYD6W2spCI", 
    0
   ]
  }, 
  "134229634": {
   "__tuple__": true, 
   "items": [
    "+mOJERtDEe6ZTYD6W2spCI", 
    1
   ]
  }, 
  "134267353": {
   "__tuple__": true, 
   "items": [
    "+mOJERtDEe6ZTYD6W2spCI", 
    2
   ]
  }, 
  "134228183": {
   "__tuple__": true, 
   "items": [
    "+mOJERtDEe6ZTYD6W2spCI", 
    3
   ]
  }, 
  "134253427": {
   "__tuple__": true, 
   "items": [
    "+mOJERtDEe6ZTYD6W2spCI", 
    4
   ]
  }, 
  "134220683": {
   "__tuple__": true, 
   "items": [
    "+mOJERtDEe6ZTYD6W2spCI", 
    5
   ]
  }, 
  "134249075": {
   "__tuple__": true, 
   "items": [
    "+mOJERtDEe6ZTYD6W2spCI", 
    6
   ]
  }, 
  "134224640": {
   "__tuple__": true, 
   "items": [
    "+mOJERtDEe6ZTYD6W2spCI", 
    7
   ]
  }, 
  "134226159": {
   "__tuple__": true, 
   "items": [
    "+mOJERtDEe6ZTYD6W2spCI", 
    8
   ]
  }, 
  "134261913": {
   "__tuple__": true, 
   "items": [
    "+mOJERtDEe6ZTYD6W2spCI", 
    9
   ]
  }, 
  "134239046": {
   "__tuple__": true, 
   "items": [
    "+mOJERtDEe6ZTYD6W2spCI", 
    10
   ]
  }, 
  "134251474": {
   "__tuple__": true, 
   "items": [
    "+mXTABtDEe6Lk4D6W2spCO", 
    0
   ]
  }, 
  "134241603": {
   "__tuple__": true, 
   "items": [
    "+mXTABtDEe6Lk4D6W2spCO", 
    1
   ]
  }, 
  "134242761": {
   "__tuple__": true, 
   "items": [
    "+mXTABtDEe6Lk4D6W2spCO", 
    2
   ]
  }, 
  "134235801": {
   "__tuple__": true, 
   "items": [
    "+mXTABtDEe6Lk4D6W2spCO", 
    3
   ]
  }, 
  "134277478": {
   "__tuple__": true, 
   "items": [
    "+mXTABtDEe6Lk4D6W2spCO", 
    4
   ]
  }, 
  "134233398": {
   "__tuple__": true, 
   "items": [
    "+mXTABtDEe6Lk4D6W2spCO", 
    5
   ]
  }, 
  "134267701": {
   "__tuple__": true, 
   "items": [
    "+mXTABtDEe6Lk4D6W2spCO", 
    6
   ]
  }, 
  "134231229": {
   "__tuple__": true, 
   "items": [
    "+mXTABtDEe6Lk4D6W2spCO", 
    7
   ]
  }, 
  "134261741": {
   "__tuple__": true, 
   "items": [
    "+mXTABtDEe6Lk4D6W2spCO", 
    8
   ]
  }, 
  "134225703": {
   "__tuple__": true, 
   "items": [
    "+mXTABtDEe6Lk4D6W2spCO", 
    9
   ]
  }, 
  "134276317": {
   "__tuple__": true, 
   "items": [
    "+mXTABtDEe6Lk4D6W2spCO", 
    10
   ]
  }, 
  "134240965": {
   "__tuple__": true, 
   "items": [
    "+mXTABtDEe6Lk4D6W2spCO", 
    11
   ]
  }, 
  "134265113": {
   "__tuple__": true, 
   "items": [
    "+mXTABtDEe6Lk4D6W2spCO", 
    12
   ]
  }, 
  "134251121": {
   "__tuple__": true, 
   "items": [
    "+mXTABtDEe6Lk4D6W2spCO", 
    13
   ]
  }, 
  "134282545": {
   "__tuple__": true, 
   "items": [
    "+mXTABtDEe6Lk4D6W2spCO", 
    14
   ]
  }, 
  "134272768": {
   "__tuple__": true, 
   "items": [
    "+mXTABtDEe6Lk4D6W2spCO", 
    15
   ]
  }, 
  "13428292": {
   "__tuple__": true, 
   "items": [
    "+mXTABtDEe6Lk4D6W2spCO", 
    16
   ]
  }, 
  "134253820": {
   "__tuple__": true, 
   "items": [
    "+mkHURtDEe6mnYD6W2spCA", 
    0
   ]
  }, 
  "134266319": {
   "__tuple__": true, 
   "items": [
    "+mkHURtDEe6mnYD6W2spCA", 
    1
   ]
  }, 
  "134265856": {
   "__tuple__": true, 
   "items": [
    "+mkHURtDEe6mnYD6W2spCA", 
    2
   ]
  }, 
  "134226383": {
   "__tuple__": true, 
   "items": [
    "+mkHURtDEe6mnYD6W2spCA", 
    3
   ]
  }, 
  "134254809": {
   "__tuple__": true, 
   "items": [
    "+mkHURtDEe6mnYD6W2spCA", 
    4
   ]
  }, 
  "134230835": {
   "__tuple__": true, 
   "items": [
    "+mkHURtDEe6mnYD6W2spCA", 
    5
   ]
  }, 
  "134231793": {
   "__tuple__": true, 
   "items": [
    "+mkHURtDEe6mnYD6W2spCA", 
    6
   ]
  }, 
  "134224600": {
   "__tuple__": true, 
   "items": [
    "+mkHURtDEe6mnYD6W2spCA", 
    7
   ]
  }, 
  "134257565": {
   "__tuple__": true, 
   "items": [
    "+mkHURtDEe6mnYD6W2spCA", 
    8
   ]
  }, 
  "134265293": {
   "__tuple__": true, 
   "items": [
    "+mkHURtDEe6mnYD6W2spCA", 
    9
   ]
  }, 
  "134260877": {
   "__tuple__": true, 
   "items": [
    "+mkHURtDEe6mnYD6W2spCA", 
    10
   ]
  }, 
  "134242971": {
   "__tuple__": true, 
   "items": [
    "+mkHURtDEe6mnYD6W2spCA", 
    11
   ]
  }, 
  "134263880": {
   "__tuple__": true, 
   "items": [
    "+mkHURtDEe6mnYD6W2spCA", 
    12
   ]
  }, 
  "134263113": {
   "__tuple__": true, 
   "items": [
    "+mkHURtDEe6mnYD6W2spCA", 
    13
   ]
  }, 
  "134263704": {
   "__tuple__": true, 
   "items": [
    "+mkHURtDEe6mnYD6W2spCA", 
    14
   ]
  }, 
  "134249777": {
   "__tuple__": true, 
   "items": [
    "+mkHURtDEe6mnYD6W2spCA", 
    15
   ]
  }, 
  "134241248": {
   "__tuple__": true, 
   "items": [
    "+mkHURtDEe6mnYD6W2spCA", 
    16
   ]
  }, 
  "134235479": {
   "__tuple__": true, 
   "items": [
    "+mkHURtDEe6mnYD6W2spCA", 
    17
   ]
  }, 
  "134256974": {
   "__tuple__": true, 
   "items": [
    "+mkHURtDEe6mnYD6W2spCA", 
    18
   ]
  }, 
  "134262283": {
   "__tuple__": true, 
   "items": [
    "+mkHURtDEe6mnYD6W2spCA", 
    19
   ]
  }, 
  "134227255": {
   "__tuple__": true, 
   "items": [
    "+mkHURtDEe6mnYD6W2spCA", 
    20
   ]
  }, 
  "134253211": {
   "__tuple__": true, 
   "items": [
    "+mkHURtDEe6mnYD6W2spCA", 
    21
   ]
  }, 
  "134266802": {
   "__tuple__": true, 
   "items": [
    "+mvtgBtDEe6KYoD6W2spCD", 
    0
   ]
  }, 
  "134250313": {
   "__tuple__": true, 
   "items": [
    "+mvtgBtDEe6KYoD6W2spCD", 
    1
   ]
  }, 
  "134273367": {
   "__tuple__": true, 
   "items": [
    "+mvtgBtDEe6KYoD6W2spCD", 
    2
   ]
  }, 
  "134233825": {
   "__tuple__": true, 
   "items": [
    "+mvtgBtDEe6KYoD6W2spCD", 
    3
   ]
  }, 
  "134271847": {
   "__tuple__": true, 
   "items": [
    "+mvtgBtDEe6KYoD6W2spCD", 
    4
   ]
  }, 
  "134256724": {
   "__tuple__": true, 
   "items": [
    "+mvtgBtDEe6KYoD6W2spCD", 
    5
   ]
  }, 
  "134258413": {
   "__tuple__": true, 
   "items": [
    "+mvtgBtDEe6KYoD6W2spCD", 
    6
   ]
  }, 
  "134258510": {
   "__tuple__": true, 
   "items": [
    "+mvtgBtDEe6KYoD6W2spCD", 
    7
   ]
  }, 
  "134240070": {
   "__tuple__": true, 
   "items": [
    "+mvtgBtDEe6KYoD6W2spCD", 
    8
   ]
  }, 
  "134264480": {
   "__tuple__": true, 
   "items": [
    "+mvtgBtDEe6KYoD6W2spCD", 
    9
   ]
  }, 
  "134218091": {
   "__tuple__": true, 
   "items": [
    "+mvtgBtDEe6KYoD6W2spCD", 
    10
   ]
  }, 
  "134244500": {
   "__tuple__": true, 
   "items": [
    "+mvtgBtDEe6KYoD6W2spCD", 
    11
   ]
  }, 
  "134234734": {
   "__tuple__": true, 
   "items": [
    "+m5egBtDEe6p+oD6W2spCD", 
    0
   ]
  }, 
  "134256603": {
   "__tuple__": true, 
   "items": [
    "+m5egBtDEe6p+oD6W2spCD", 
    1
   ]
  }, 
  "134220666": {
   "__tuple__": true, 
   "items": [
    "+m5egBtDEe6p+oD6W2spCD", 
    2
   ]
  }, 
  "134260930": {
   "__tuple__": true, 
   "items": [
    "+m5egBtDEe6p+oD6W2spCD", 
    3
   ]
  }, 
  "134220503": {
   "__tuple__": true, 
   "items": [
    "+m5egBtDEe6p+oD6W2spCD", 
    4
   ]
  }, 
  "134248977": {
   "__tuple__": true, 
   "items": [
    "+m5egBtDEe6p+oD6W2spCD", 
    5
   ]
  }, 
  "134278956": {
   "__tuple__": true, 
   "items": [
    "+m5egBtDEe6p+oD6W2spCD", 
    6
   ]
  }, 
  "134226408": {
   "__tuple__": true, 
   "items": [
    "+m5egBtDEe6p+oD6W2spCD", 
    7
   ]
  }, 
  "134240671": {
   "__tuple__": true, 
   "items": [
    "+m5egBtDEe6p+oD6W2spCD", 
    8
   ]
  }, 
  "134231747": {
   "__tuple__": true, 
   "items": [
    "+m5egBtDEe6p+oD6W2spCD", 
    9
   ]
  }, 
  "134268308": {
   "__tuple__": true, 
   "items": [
    "+m5egBtDEe6p+oD6W2spCD", 
    10
   ]
  }, 
  "134282328": {
   "__tuple__": true, 
   "items": [
    "+m5egBtDEe6p+oD6W2spCD", 
    11
   ]
  }, 
  "134222693": {
   "__tuple__": true, 
   "items": [
    "+m5egBtDEe6p+oD6W2spCD", 
    12
   ]
  }, 
  "134238167": {
   "__tuple__": true, 
   "items": [
    "+m5egBtDEe6p+oD6W2spCD", 
    13
   ]
  }, 
  "134226243": {
   "__tuple__": true, 
   "items": [
    "+m5egBtDEe6p+oD6W2spCD", 
    14
   ]
  }, 
  "134248394": {
   "__tuple__": true, 
   "items": [
    "+m5egBtDEe6p+oD6W2spCD", 
    15
   ]
  }, 
  "134277973": {
   "__tuple__": true, 
   "items": [
    "+m5egBtDEe6p+oD6W2spCD", 
    16
   ]
  }, 
  "134250583": {
   "__tuple__": true, 
   "items": [
    "+m5egBtDEe6p+oD6W2spCD", 
    17
   ]
  }, 
  "134230886": {
   "__tuple__": true, 
   "items": [
    "+m5egBtDEe6p+oD6W2spCD", 
    18
   ]
  }, 
  "134239303": {
   "__tuple__": true, 
   "items": [
    "+m5egBtDEe6p+oD6W2spCD", 
    19
   ]
  }, 
  "134268370": {
   "__tuple__": true, 
   "items": [
    "+m5egBtDEe6p+oD6W2spCD", 
    20
   ]
  }, 
  "134248207": {
   "__tuple__": true, 
   "items": [
    "+m5egBtDEe6p+oD6W2spCD", 
    21
   ]
  }, 
  "134282829": {
   "__tuple__": true, 
   "items": [
    "+m5egBtDEe6p+oD6W2spCD", 
    22
   ]
  }, 
  "134256230": {
   "__tuple__": true, 
   "items": [
    "+m5egBtDEe6p+oD6W2spCD", 
    23
   ]
  }, 
  "134220743": {
   "__tuple__": true, 
   "items": [
    "+m5egBtDEe6p+oD6W2spCD", 
    24
   ]
  }, 
  "134263707": {
   "__tuple__": true, 
   "items": [
    "+m5egBtDEe6p+oD6W2spCD", 
    25
   ]
  }, 
  "134267664": {
   "__tuple__": true, 
   "items": [
    "+m5egBtDEe6p+oD6W2spCD", 
    26
   ]
  }, 
  "134272154": {
   "__tuple__": true, 
   "items": [
    "+m5egBtDEe6p+oD6W2spCD", 
    27
   ]
  }, 
  "134282559": {
   "__tuple__": true, 
   "items": [
    "+m5egBtDEe6p+oD6W2spCD", 
    28
   ]
  }, 
  "134273428": {
   "__tuple__": true, 
   "items": [
    "+nQq4RtDEe6uooD6W2spCH", 
    0
   ]
  }, 
  "134260268": {
   "__tuple__": true, 
   "items": [
    "+nQq4RtDEe6uooD6W2spCH", 
    1
   ]
  }, 
  "134258471": {
   "__tuple__": true, 
   "items": [
    "+nQq4RtDEe6uooD6W2spCH", 
    2
   ]
  }, 
  "134274173": {
   "__tuple__": true, 
   "items": [
    "+nQq4RtDEe6uooD6W2spCH", 
    3
   ]
  }, 
  "134239026": {
   "__tuple__": true, 
   "items": [
    "+nQq4RtDEe6uooD6W2spCH", 
    4
   ]
  }, 
  "134263978": {
   "__tuple__": true, 
   "items": [
    "+nQq4RtDEe6uooD6W2spCH", 
    5
   ]
  }, 
  "134272000": {
   "__tuple__": true, 
   "items": [
    "+nQq4RtDEe6uooD6W2spCH", 
    6
   ]
  }, 
  "134223291": {
   "__tuple__": true, 
   "items": [
    "+nQq4RtDEe6uooD6W2spCH", 
    7
   ]
  }, 
  "134222390": {
   "__tuple__": true, 
   "items": [
    "+nQq4RtDEe6uooD6W2spCH", 
    8
   ]
  }, 
  "134251739": {
   "__tuple__": true, 
   "items": [
    "+nQq4RtDEe6uooD6W2spCH", 
    9
   ]
  }, 
  "134260497": {
   "__tuple__": true, 
   "items": [
    "+nQq4RtDEe6uooD6W2spCH", 
    10
   ]
  }, 
  "134280404": {
   "__tuple__": true, 
   "items": [
    "+nQq4RtDEe6uooD6W2spCH", 
    11
   ]
  }, 
  "134250726": {
   "__tuple__": true, 
   "items": [
    "+nQq4RtDEe6uooD6W2spCH", 
    12
   ]
  }, 
  "134225248": {
   "__tuple__": true, 
   "items": [
    "+nQq4RtDEe6uooD6W2spCH", 
    13
   ]
  }, 
  "134232408": {
   "__tuple__": true, 
   "items": [
    "+nQq4RtDEe6uooD6W2spCH", 
    14
   ]
  }, 
  "134224107": {
   "__tuple__": true, 
   "items": [
    "+nQq4RtDEe6uooD6W2spCH", 
    15
   ]
  }
 }
}