{
 "f": [
  {
   "__tuple__": true, 
   "items": [
    "", 
    0, 
    2147483647, 
    "code_explorer_custom_root_folder_name"
   ]
  }
 ], 
 "d": {
  "134277887": {
   "__tuple__": true, 
   "items": [
    2147483647, 
    0
   ]
  }, 
  "134236174": {
   "__tuple__": true, 
   "items": [
    2147483647, 
    1
   ]
  }, 
  "134273954": {
   "__tuple__": true, 
   "items": [
    2147483647, 
    2
   ]
  }, 
  "134245754": {
   "__tuple__": true, 
   "items": [
    2147483647, 
    3
   ]
  }, 
  "134232458": {
   "__tuple__": true, 
   "items": [
    2147483647, 
    4
   ]
  }, 
  "134243022": {
   "__tuple__": true, 
   "items": [
    2147483647, 
    5
   ]
  }, 
  "134272630": {
   "__tuple__": true, 
   "items": [
    2147483647, 
    6
   ]
  }
 }
}