{
    "local_variable": {
        "1820827650": {
            "variable_dict": {
                "INTEGER": {
                    "Count": 0, 
                    "Num_Burst Location": 1
                }, 
                "NEW_TIMER": {
                    "\u6280\u80fd\u8ba1\u65f6\u5668": -1
                }, 
                "POINT": {
                    "Burst Point": [
                        0, 
                        0, 
                        0
                    ]
                }, 
                "PROJECTILE_ENTITY": {
                    "\u77f3\u5934": 0
                }, 
                "ROUND_AREA": {}, 
                "SFX_ENTITY": {}
            }, 
            "variable_length_dict": {
                "Burst Point": 10, 
                "Count": 0, 
                "Num_Burst Location": 0, 
                "\u6280\u80fd\u8ba1\u65f6\u5668": 0, 
                "\u77f3\u5934": 0
            }
        }
    }, 
    "trigger_dict": {
        "294068225": {
            "action": [
                {
                    "action_type": "PLAY_ANIMATION", 
                    "args_list": [
                        {
                            "arg_type": 100006, 
                            "args_list": [], 
                            "sub_type": "ABILITY_OWNER"
                        }, 
                        {
                            "arg_type": 100003, 
                            "args_list": [
                                "ability_3"
                            ], 
                            "sub_type": 1
                        }, 
                        {
                            "arg_type": 100000, 
                            "args_list": [
                                1.0
                            ], 
                            "sub_type": 1
                        }, 
                        {
                            "arg_type": 100000, 
                            "args_list": [
                                0
                            ], 
                            "sub_type": 1
                        }, 
                        {
                            "arg_type": 100000, 
                            "args_list": [
                                -1
                            ], 
                            "sub_type": 1
                        }, 
                        {
                            "arg_type": 100001, 
                            "args_list": [
                                false
                            ], 
                            "sub_type": 1
                        }, 
                        {
                            "arg_type": 100001, 
                            "args_list": [
                                false
                            ], 
                            "sub_type": 1
                        }
                    ], 
                    "bp": false, 
                    "element_id": 2940682250012, 
                    "enable": true
                }
            ], 
            "call_enabled": true, 
            "condition": [], 
            "enabled": true, 
            "event": [
                {
                    "args_list": [], 
                    "element_id": 2940682250003, 
                    "enable": true, 
                    "event_type": "ABILITY_PS_END"
                }
            ], 
            "group_id": 134275642, 
            "p_trigger_id": null, 
            "trigger_id": 294068225, 
            "trigger_name": "TRIGGER", 
            "valid": true
        }, 
        "1820827650": {
            "action": [
                {
                    "action_type": "SET_VARIABLE", 
                    "args_list": [
                        {
                            "arg_type": 100002, 
                            "args_list": [
                                [
                                    "INTEGER", 
                                    "Num_Burst Location", 
                                    "local"
                                ], 
                                null
                            ], 
                            "sub_type": 6
                        }, 
                        {
                            "arg_type": 100002, 
                            "args_list": [
                                0
                            ], 
                            "sub_type": 1
                        }
                    ], 
                    "bp": false, 
                    "element_id": 18208276500291, 
                    "enable": true
                }, 
                {
                    "action_type": "CREATE_SFX_ON_UNIT_NEW", 
                    "args_list": [
                        {
                            "arg_type": 100066, 
                            "args_list": [
                                102822
                            ], 
                            "sub_type": 1
                        }, 
                        {
                            "arg_type": 100006, 
                            "args_list": [], 
                            "sub_type": "ABILITY_OWNER"
                        }, 
                        {
                            "arg_type": 100003, 
                            "args_list": [
                                "root"
                            ], 
                            "sub_type": 1
                        }, 
                        {
                            "arg_type": 500220, 
                            "args_list": [
                                2
                            ], 
                            "sub_type": 1
                        }, 
                        {
                            "arg_type": 100001, 
                            "args_list": [
                                true
                            ], 
                            "sub_type": 1
                        }
                    ], 
                    "bp": false, 
                    "element_id": 1820827650500298, 
                    "enable": true, 
                    "op_arg": [
                        null, 
                        {
                            "arg_type": 100000, 
                            "args_list": [
                                4.0
                            ], 
                            "sub_type": 1
                        }, 
                        null, 
                        null
                    ], 
                    "op_arg_enable": [
                        false, 
                        true, 
                        false, 
                        false
                    ]
                }, 
                {
                    "action_type": "RUN_COUNT_TIMER_NO_SAVE", 
                    "args_list": [
                        {
                            "arg_type": 100000, 
                            "args_list": [
                                0.2
                            ], 
                            "sub_type": 1
                        }, 
                        {
                            "arg_type": 100002, 
                            "args_list": [
                                10
                            ], 
                            "sub_type": 1
                        }, 
                        {
                            "arg_type": 100001, 
                            "args_list": [
                                true
                            ], 
                            "sub_type": 1
                        }, 
                        {
                            "arg_type": 100022, 
                            "args_list": [
                                {
                                    "action_type": "SET_VARIABLE", 
                                    "args_list": [
                                        {
                                            "arg_type": 100030, 
                                            "args_list": [
                                                [
                                                    "INTEGER", 
                                                    "Num_Burst Location", 
                                                    "local"
                                                ]
                                            ], 
                                            "sub_type": 1
                                        }, 
                                        {
                                            "arg_type": 100002, 
                                            "args_list": [
                                                {
                                                    "arg_type": 100002, 
                                                    "args_list": [
                                                        [
                                                            "INTEGER", 
                                                            "Num_Burst Location", 
                                                            "local"
                                                        ], 
                                                        null
                                                    ], 
                                                    "sub_type": 6
                                                }, 
                                                {
                                                    "arg_type": 100016, 
                                                    "args_list": [
                                                        "+"
                                                    ], 
                                                    "sub_type": 1
                                                }, 
                                                {
                                                    "arg_type": 100002, 
                                                    "args_list": [
                                                        1
                                                    ], 
                                                    "sub_type": 1
                                                }
                                            ], 
                                            "sub_type": "MATH_OPERATION"
                                        }
                                    ], 
                                    "bp": false, 
                                    "element_id": 18208276500295, 
                                    "enable": true
                                }, 
                                {
                                    "action_type": "SET_VARIABLE", 
                                    "args_list": [
                                        {
                                            "arg_type": 100028, 
                                            "args_list": [
                                                [
                                                    "POINT", 
                                                    "Burst Point", 
                                                    "local"
                                                ], 
                                                {
                                                    "arg_type": 100002, 
                                                    "args_list": [
                                                        [
                                                            "INTEGER", 
                                                            "Num_Burst Location", 
                                                            "local"
                                                        ], 
                                                        null
                                                    ], 
                                                    "sub_type": 6
                                                }
                                            ], 
                                            "sub_type": 1
                                        }, 
                                        {
                                            "arg_type": 100004, 
                                            "args_list": [
                                                {
                                                    "arg_type": 100009, 
                                                    "args_list": [
                                                        1000000012
                                                    ], 
                                                    "sub_type": 1
                                                }
                                            ], 
                                            "sub_type": "RECTANGLE_RANDOM_POINT"
                                        }
                                    ], 
                                    "bp": false, 
                                    "element_id": 18208276500004, 
                                    "enable": true
                                }, 
                                {
                                    "action_type": "CREATE_SFX_ON_POINT", 
                                    "args_list": [
                                        {
                                            "arg_type": 100066, 
                                            "args_list": [
                                                100904
                                            ], 
                                            "sub_type": 1
                                        }, 
                                        {
                                            "arg_type": 100004, 
                                            "args_list": [
                                                [
                                                    "POINT", 
                                                    "Burst Point", 
                                                    "local"
                                                ], 
                                                {
                                                    "arg_type": 100002, 
                                                    "args_list": [
                                                        [
                                                            "INTEGER", 
                                                            "Num_Burst Location", 
                                                            "local"
                                                        ], 
                                                        null
                                                    ], 
                                                    "sub_type": 6
                                                }
                                            ], 
                                            "sub_type": 19
                                        }
                                    ], 
                                    "bp": false, 
                                    "element_id": 18208276500005, 
                                    "enable": true, 
                                    "op_arg": [
                                        null, 
                                        {
                                            "arg_type": 100000, 
                                            "args_list": [
                                                1.5
                                            ], 
                                            "sub_type": 1
                                        }, 
                                        {
                                            "arg_type": 100000, 
                                            "args_list": [
                                                20.0
                                            ], 
                                            "sub_type": 1
                                        }, 
                                        {
                                            "arg_type": 100000, 
                                            "args_list": [
                                                2.0
                                            ], 
                                            "sub_type": 1
                                        }, 
                                        null
                                    ], 
                                    "op_arg_enable": [
                                        false, 
                                        true, 
                                        true, 
                                        true, 
                                        false
                                    ]
                                }
                            ], 
                            "sub_type": 1
                        }
                    ], 
                    "bp": false, 
                    "element_id": 18208276500253, 
                    "enable": true, 
                    "local_var": [
                        {}, 
                        {}
                    ]
                }, 
                {
                    "action_type": "RUN_ONCE_TIMER_NO_SAVE", 
                    "args_list": [
                        {
                            "arg_type": 100000, 
                            "args_list": [
                                1.0
                            ], 
                            "sub_type": 1
                        }, 
                        {
                            "arg_type": 100022, 
                            "args_list": [
                                {
                                    "action_type": "SET_VARIABLE", 
                                    "args_list": [
                                        {
                                            "arg_type": 100030, 
                                            "args_list": [
                                                [
                                                    "INTEGER", 
                                                    "Num_Burst Location", 
                                                    "local"
                                                ]
                                            ], 
                                            "sub_type": 1
                                        }, 
                                        {
                                            "arg_type": 100002, 
                                            "args_list": [
                                                0
                                            ], 
                                            "sub_type": 1
                                        }
                                    ], 
                                    "bp": false, 
                                    "element_id": 18208276500007, 
                                    "enable": true
                                }, 
                                {
                                    "action_type": "RUN_COUNT_TIMER_NO_SAVE", 
                                    "args_list": [
                                        {
                                            "arg_type": 100000, 
                                            "args_list": [
                                                0.2
                                            ], 
                                            "sub_type": 1
                                        }, 
                                        {
                                            "arg_type": 100002, 
                                            "args_list": [
                                                10
                                            ], 
                                            "sub_type": 1
                                        }, 
                                        {
                                            "arg_type": 100001, 
                                            "args_list": [
                                                true
                                            ], 
                                            "sub_type": 1
                                        }, 
                                        {
                                            "arg_type": 100022, 
                                            "args_list": [
                                                {
                                                    "action_type": "SET_VARIABLE", 
                                                    "args_list": [
                                                        {
                                                            "arg_type": 100030, 
                                                            "args_list": [
                                                                [
                                                                    "INTEGER", 
                                                                    "Num_Burst Location", 
                                                                    "local"
                                                                ]
                                                            ], 
                                                            "sub_type": 1
                                                        }, 
                                                        {
                                                            "arg_type": 100002, 
                                                            "args_list": [
                                                                {
                                                                    "arg_type": 100002, 
                                                                    "args_list": [
                                                                        [
                                                                            "INTEGER", 
                                                                            "Num_Burst Location", 
                                                                            "local"
                                                                        ], 
                                                                        null
                                                                    ], 
                                                                    "sub_type": 6
                                                                }, 
                                                                {
                                                                    "arg_type": 100016, 
                                                                    "args_list": [
                                                                        "+"
                                                                    ], 
                                                                    "sub_type": 1
                                                                }, 
                                                                {
                                                                    "arg_type": 100002, 
                                                                    "args_list": [
                                                                        1
                                                                    ], 
                                                                    "sub_type": 1
                                                                }
                                                            ], 
                                                            "sub_type": "MATH_OPERATION"
                                                        }
                                                    ], 
                                                    "bp": false, 
                                                    "element_id": 18208276500008, 
                                                    "enable": true
                                                }, 
                                                {
                                                    "action_type": "CREATE_SFX_ON_POINT", 
                                                    "args_list": [
                                                        {
                                                            "arg_type": 100066, 
                                                            "args_list": [
                                                                102776
                                                            ], 
                                                            "sub_type": 1
                                                        }, 
                                                        {
                                                            "arg_type": 100004, 
                                                            "args_list": [
                                                                [
                                                                    "POINT", 
                                                                    "Burst Point", 
                                                                    "local"
                                                                ], 
                                                                {
                                                                    "arg_type": 100002, 
                                                                    "args_list": [
                                                                        [
                                                                            "INTEGER", 
                                                                            "Num_Burst Location", 
                                                                            "local"
                                                                        ], 
                                                                        null
                                                                    ], 
                                                                    "sub_type": 6
                                                                }
                                                            ], 
                                                            "sub_type": 19
                                                        }
                                                    ], 
                                                    "bp": false, 
                                                    "element_id": 18208276500009, 
                                                    "enable": true, 
                                                    "op_arg": [
                                                        null, 
                                                        {
                                                            "arg_type": 100000, 
                                                            "args_list": [
                                                                0.6
                                                            ], 
                                                            "sub_type": 1
                                                        }, 
                                                        {
                                                            "arg_type": 100000, 
                                                            "args_list": [
                                                                20.0
                                                            ], 
                                                            "sub_type": 1
                                                        }, 
                                                        {
                                                            "arg_type": 100000, 
                                                            "args_list": [
                                                                2.0
                                                            ], 
                                                            "sub_type": 1
                                                        }, 
                                                        null
                                                    ], 
                                                    "op_arg_enable": [
                                                        false, 
                                                        true, 
                                                        true, 
                                                        true, 
                                                        false
                                                    ]
                                                }
                                            ], 
                                            "sub_type": 1
                                        }
                                    ], 
                                    "bp": false, 
                                    "element_id": 18208276500010, 
                                    "enable": true, 
                                    "local_var": [
                                        {}, 
                                        {}
                                    ]
                                }
                            ], 
                            "sub_type": 1
                        }
                    ], 
                    "bp": false, 
                    "element_id": 18208276500288, 
                    "enable": true, 
                    "local_var": [
                        {}, 
                        {}
                    ]
                }, 
                {
                    "action_type": "RUN_ONCE_TIMER_NO_SAVE", 
                    "args_list": [
                        {
                            "arg_type": 100000, 
                            "args_list": [
                                2.0
                            ], 
                            "sub_type": 1
                        }, 
                        {
                            "arg_type": 100022, 
                            "args_list": [
                                {
                                    "action_type": "SET_VARIABLE", 
                                    "args_list": [
                                        {
                                            "arg_type": 100030, 
                                            "args_list": [
                                                [
                                                    "INTEGER", 
                                                    "Num_Burst Location", 
                                                    "local"
                                                ]
                                            ], 
                                            "sub_type": 1
                                        }, 
                                        {
                                            "arg_type": 100002, 
                                            "args_list": [
                                                0
                                            ], 
                                            "sub_type": 1
                                        }
                                    ], 
                                    "bp": false, 
                                    "element_id": 18208276500012, 
                                    "enable": true
                                }, 
                                {
                                    "action_type": "RUN_COUNT_TIMER_NO_SAVE", 
                                    "args_list": [
                                        {
                                            "arg_type": 100000, 
                                            "args_list": [
                                                0.2
                                            ], 
                                            "sub_type": 1
                                        }, 
                                        {
                                            "arg_type": 100002, 
                                            "args_list": [
                                                10
                                            ], 
                                            "sub_type": 1
                                        }, 
                                        {
                                            "arg_type": 100001, 
                                            "args_list": [
                                                true
                                            ], 
                                            "sub_type": 1
                                        }, 
                                        {
                                            "arg_type": 100022, 
                                            "args_list": [
                                                {
                                                    "action_type": "SET_VARIABLE", 
                                                    "args_list": [
                                                        {
                                                            "arg_type": 100030, 
                                                            "args_list": [
                                                                [
                                                                    "INTEGER", 
                                                                    "Num_Burst Location", 
                                                                    "local"
                                                                ]
                                                            ], 
                                                            "sub_type": 1
                                                        }, 
                                                        {
                                                            "arg_type": 100002, 
                                                            "args_list": [
                                                                {
                                                                    "arg_type": 100002, 
                                                                    "args_list": [
                                                                        [
                                                                            "INTEGER", 
                                                                            "Num_Burst Location", 
                                                                            "local"
                                                                        ], 
                                                                        null
                                                                    ], 
                                                                    "sub_type": 6
                                                                }, 
                                                                {
                                                                    "arg_type": 100016, 
                                                                    "args_list": [
                                                                        "+"
                                                                    ], 
                                                                    "sub_type": 1
                                                                }, 
                                                                {
                                                                    "arg_type": 100002, 
                                                                    "args_list": [
                                                                        1
                                                                    ], 
                                                                    "sub_type": 1
                                                                }
                                                            ], 
                                                            "sub_type": "MATH_OPERATION"
                                                        }
                                                    ], 
                                                    "bp": false, 
                                                    "element_id": 18208276500013, 
                                                    "enable": true
                                                }, 
                                                {
                                                    "action_type": "PICK_UNIT_DO_ACTION", 
                                                    "args_list": [
                                                        {
                                                            "arg_type": 100026, 
                                                            "args_list": [
                                                                {
                                                                    "arg_type": 100004, 
                                                                    "args_list": [
                                                                        [
                                                                            "POINT", 
                                                                            "Burst Point", 
                                                                            "local"
                                                                        ], 
                                                                        {
                                                                            "arg_type": 100002, 
                                                                            "args_list": [
                                                                                [
                                                                                    "INTEGER", 
                                                                                    "Num_Burst Location", 
                                                                                    "local"
                                                                                ], 
                                                                                null
                                                                            ], 
                                                                            "sub_type": 6
                                                                        }
                                                                    ], 
                                                                    "sub_type": 19
                                                                }, 
                                                                {
                                                                    "arg_type": 100211, 
                                                                    "args_list": [
                                                                        {
                                                                            "arg_type": 100000, 
                                                                            "args_list": [
                                                                                {
                                                                                    "arg_type": 100014, 
                                                                                    "args_list": [], 
                                                                                    "sub_type": "CUR_ABILITY"
                                                                                }, 
                                                                                {
                                                                                    "arg_type": 100078, 
                                                                                    "args_list": [
                                                                                        "ability_damage_range"
                                                                                    ], 
                                                                                    "sub_type": 1
                                                                                }
                                                                            ], 
                                                                            "sub_type": "GET_ABILITY_FLOAT_ATTR"
                                                                        }
                                                                    ], 
                                                                    "sub_type": "CONST_CIRCULAR_SHAPE"
                                                                }
                                                            ], 
                                                            "op_arg": [
                                                                null, 
                                                                null, 
                                                                null, 
                                                                null, 
                                                                null, 
                                                                null, 
                                                                null, 
                                                                null, 
                                                                null, 
                                                                null, 
                                                                null, 
                                                                null, 
                                                                null, 
                                                                null
                                                            ], 
                                                            "op_arg_enable": [
                                                                false, 
                                                                false, 
                                                                false, 
                                                                false, 
                                                                false, 
                                                                false, 
                                                                false, 
                                                                false, 
                                                                false, 
                                                                false, 
                                                                false, 
                                                                false, 
                                                                false, 
                                                                false
                                                            ], 
                                                            "sub_type": "UNIT_LIST_IN_SHAPE"
                                                        }, 
                                                        {
                                                            "arg_type": 100022, 
                                                            "args_list": [
                                                                {
                                                                    "action_type": "IF_THEN_ELSE", 
                                                                    "args_list": [
                                                                        {
                                                                            "arg_type": 100021, 
                                                                            "args_list": [
                                                                                {
                                                                                    "args_list": [
                                                                                        {
                                                                                            "arg_type": 100006, 
                                                                                            "args_list": [], 
                                                                                            "sub_type": "ABILITY_OWNER"
                                                                                        }, 
                                                                                        {
                                                                                            "arg_type": 100006, 
                                                                                            "args_list": [], 
                                                                                            "sub_type": "FOR_EACH_SELECTED_UNIT"
                                                                                        }
                                                                                    ], 
                                                                                    "condition_type": "IS_ENEMY", 
                                                                                    "element_id": 18208276500014, 
                                                                                    "enable": true
                                                                                }
                                                                            ], 
                                                                            "sub_type": 1
                                                                        }, 
                                                                        {
                                                                            "arg_type": 100022, 
                                                                            "args_list": [
                                                                                {
                                                                                    "action_type": "APPLY_DAMAGE", 
                                                                                    "args_list": [
                                                                                        {
                                                                                            "arg_type": 100006, 
                                                                                            "args_list": [], 
                                                                                            "sub_type": "ABILITY_OWNER"
                                                                                        }, 
                                                                                        {
                                                                                            "arg_type": 100014, 
                                                                                            "args_list": [], 
                                                                                            "sub_type": "CUR_ABILITY"
                                                                                        }, 
                                                                                        {
                                                                                            "arg_type": 100006, 
                                                                                            "args_list": [], 
                                                                                            "sub_type": "FOR_EACH_SELECTED_UNIT"
                                                                                        }, 
                                                                                        {
                                                                                            "arg_type": 100064, 
                                                                                            "args_list": [
                                                                                                1
                                                                                            ], 
                                                                                            "sub_type": 1
                                                                                        }, 
                                                                                        {
                                                                                            "arg_type": 100000, 
                                                                                            "args_list": [
                                                                                                {
                                                                                                    "arg_type": 100014, 
                                                                                                    "args_list": [], 
                                                                                                    "sub_type": "CUR_ABILITY"
                                                                                                }, 
                                                                                                {
                                                                                                    "arg_type": 100078, 
                                                                                                    "args_list": [
                                                                                                        "ability_damage"
                                                                                                    ], 
                                                                                                    "sub_type": 1
                                                                                                }
                                                                                            ], 
                                                                                            "sub_type": "GET_ABILITY_FLOAT_ATTR"
                                                                                        }, 
                                                                                        {
                                                                                            "arg_type": 100001, 
                                                                                            "args_list": [
                                                                                                true
                                                                                            ], 
                                                                                            "sub_type": 1
                                                                                        }
                                                                                    ], 
                                                                                    "bp": false, 
                                                                                    "element_id": 18208276500015, 
                                                                                    "enable": true, 
                                                                                    "op_arg": [
                                                                                        {
                                                                                            "arg_type": 100001, 
                                                                                            "args_list": [
                                                                                                true
                                                                                            ], 
                                                                                            "sub_type": 1
                                                                                        }, 
                                                                                        {
                                                                                            "arg_type": 100001, 
                                                                                            "args_list": [
                                                                                                true
                                                                                            ], 
                                                                                            "sub_type": 1
                                                                                        }, 
                                                                                        {
                                                                                            "arg_type": 100001, 
                                                                                            "args_list": [
                                                                                                true
                                                                                            ], 
                                                                                            "sub_type": 1
                                                                                        }, 
                                                                                        null, 
                                                                                        null, 
                                                                                        null
                                                                                    ], 
                                                                                    "op_arg_enable": [
                                                                                        false, 
                                                                                        false, 
                                                                                        false, 
                                                                                        false, 
                                                                                        false, 
                                                                                        false
                                                                                    ]
                                                                                }
                                                                            ], 
                                                                            "sub_type": 1
                                                                        }, 
                                                                        {
                                                                            "arg_type": 100022, 
                                                                            "args_list": [], 
                                                                            "sub_type": 1
                                                                        }
                                                                    ], 
                                                                    "bp": false, 
                                                                    "element_id": 18208276500016, 
                                                                    "enable": true, 
                                                                    "fake_op": []
                                                                }
                                                            ], 
                                                            "sub_type": 1
                                                        }
                                                    ], 
                                                    "bp": false, 
                                                    "element_id": 18208276500017, 
                                                    "enable": true
                                                }
                                            ], 
                                            "sub_type": 1
                                        }
                                    ], 
                                    "bp": false, 
                                    "element_id": 18208276500018, 
                                    "enable": true, 
                                    "local_var": [
                                        {}, 
                                        {}
                                    ]
                                }
                            ], 
                            "sub_type": 1
                        }
                    ], 
                    "bp": false, 
                    "element_id": 18208276500294, 
                    "enable": true, 
                    "local_var": [
                        {}, 
                        {}
                    ]
                }
            ], 
            "call_enabled": true, 
            "condition": [], 
            "enabled": true, 
            "event": [
                {
                    "args_list": [], 
                    "element_id": 18208276500003, 
                    "enable": true, 
                    "event_type": "ABILITY_PS_START"
                }
            ], 
            "group_id": 134275642, 
            "p_trigger_id": null, 
            "trigger_id": 1820827650, 
            "trigger_name": "TRIGGER_2", 
            "valid": false
        }
    }, 
    "trigger_group_info": [
        {
            "_trigger_group_": true, 
            "group": [
                [
                    294068225, 
                    "TRIGGER"
                ], 
                [
                    1820827650, 
                    "TRIGGER_2"
                ]
            ], 
            "key": 134275642, 
            "name": "134275642"
        }
    ], 
    "trigger_version": "1.2", 
    "variable_dict": {}, 
    "variable_group_info": [], 
    "variable_length_dict": {}
}