{
    "local_variable": {
        "268054531": {
            "variable_dict": {
                "FLOAT": {}
            }, 
            "variable_length_dict": {}
        }, 
        "850415619": {
            "variable_dict": {
                "FLOAT": {}, 
                "MOVER_ENTITY": {
                    "BallLocomotorium": 0
                }, 
                "SFX_ENTITY": {
                    "BoomFx": 0
                }, 
                "UNIT_ENTITY": {
                    "normalAtkBall": 0
                }
            }, 
            "variable_length_dict": {
                "BallLocomotorium": 0, 
                "BoomFx": 0, 
                "normalAtkBall": 0
            }
        }
    }, 
    "trigger_dict": {
        "268054531": {
            "action": [
                {
                    "action_type": "SET_VARIABLE", 
                    "args_list": [
                        {
                            "arg_type": 100030, 
                            "args_list": [
                                [
                                    "FLOAT", 
                                    "direction", 
                                    "actor"
                                ]
                            ], 
                            "sub_type": 1
                        }, 
                        {
                            "arg_type": 100000, 
                            "args_list": [
                                {
                                    "arg_type": 100225, 
                                    "args_list": [
                                        {
                                            "arg_type": 100004, 
                                            "args_list": [
                                                {
                                                    "arg_type": 100006, 
                                                    "args_list": [], 
                                                    "sub_type": "ABILITY_OWNER"
                                                }
                                            ], 
                                            "sub_type": "UNIT_ENTITY_POINT"
                                        }, 
                                        {
                                            "arg_type": 100004, 
                                            "args_list": [
                                                {
                                                    "arg_type": 100014, 
                                                    "args_list": [], 
                                                    "sub_type": "CUR_ABILITY"
                                                }
                                            ], 
                                            "sub_type": "ABILITY_RELEASE_POSITION"
                                        }
                                    ], 
                                    "sub_type": "GET_POINTS_ANGLE"
                                }
                            ], 
                            "sub_type": "GET_FLOAT_BY_ANGLE"
                        }
                    ], 
                    "bp": false, 
                    "element_id": 850415619623586, 
                    "enable": true
                }, 
                {
                    "action_type": "CHANGE_UNIT_FACE_ANGLE", 
                    "args_list": [
                        {
                            "arg_type": 100006, 
                            "args_list": [], 
                            "sub_type": "ABILITY_OWNER"
                        }, 
                        {
                            "arg_type": 100225, 
                            "args_list": [
                                {
                                    "arg_type": 100000, 
                                    "args_list": [
                                        {
                                            "arg_type": 100225, 
                                            "args_list": [
                                                {
                                                    "arg_type": 100004, 
                                                    "args_list": [
                                                        {
                                                            "arg_type": 100006, 
                                                            "args_list": [], 
                                                            "sub_type": "ABILITY_OWNER"
                                                        }
                                                    ], 
                                                    "sub_type": "UNIT_ENTITY_POINT"
                                                }, 
                                                {
                                                    "arg_type": 100004, 
                                                    "args_list": [
                                                        {
                                                            "arg_type": 100014, 
                                                            "args_list": [], 
                                                            "sub_type": "CUR_ABILITY"
                                                        }
                                                    ], 
                                                    "sub_type": "ABILITY_RELEASE_POSITION"
                                                }
                                            ], 
                                            "sub_type": "GET_POINTS_ANGLE"
                                        }
                                    ], 
                                    "sub_type": "GET_FLOAT_BY_ANGLE"
                                }
                            ], 
                            "sub_type": "GET_ANGLE_BY_FLOAT"
                        }
                    ], 
                    "bp": false, 
                    "element_id": 1614643210035, 
                    "enable": true, 
                    "op_arg": [
                        {
                            "arg_type": 100002, 
                            "args_list": [
                                0
                            ], 
                            "sub_type": 1
                        }
                    ], 
                    "op_arg_enable": [
                        true
                    ]
                }
            ], 
            "call_enabled": true, 
            "condition": [], 
            "enabled": true, 
            "event": [
                {
                    "args_list": [], 
                    "element_id": 2680545310002, 
                    "enable": true, 
                    "event_type": "ABILITY_PS_START"
                }
            ], 
            "group_id": 134233019, 
            "p_trigger_id": null, 
            "trigger_id": 268054531, 
            "trigger_name": "stage1", 
            "valid": true
        }, 
        "850415619": {
            "action": [
                {
                    "action_type": "STORAGE_BOX", 
                    "args_list": [
                        {
                            "arg_type": 100021, 
                            "args_list": [], 
                            "sub_type": 1
                        }, 
                        {
                            "arg_type": 100022, 
                            "args_list": [
                                [
                                    8504156190048, 
                                    "\u7531\u4e8e\u653b\u51fb\u7684\u52a8\u753b\uff0c\u53ea\u6709\u524d\u65b9\u4fdd\u6301\u8303\u56f4\u5185\u7684\u654c\u4eba\u624d\u4f1a\u53d7\u5230\u4f24\u5bb3", 
                                    850415619, 
                                    "action_type"
                                ], 
                                {
                                    "action_type": "PICK_UNIT_DO_ACTION", 
                                    "args_list": [
                                        {
                                            "arg_type": 100026, 
                                            "args_list": [
                                                {
                                                    "arg_type": 100004, 
                                                    "args_list": [
                                                        {
                                                            "arg_type": 100004, 
                                                            "args_list": [
                                                                {
                                                                    "arg_type": 100006, 
                                                                    "args_list": [], 
                                                                    "sub_type": "ABILITY_OWNER"
                                                                }
                                                            ], 
                                                            "sub_type": "UNIT_ENTITY_POINT"
                                                        }, 
                                                        {
                                                            "arg_type": 100225, 
                                                            "args_list": [
                                                                {
                                                                    "arg_type": 100006, 
                                                                    "args_list": [], 
                                                                    "sub_type": "ABILITY_OWNER"
                                                                }
                                                            ], 
                                                            "sub_type": "UNIT_FACE_ANGLE"
                                                        }, 
                                                        {
                                                            "arg_type": 100000, 
                                                            "args_list": [
                                                                200.0
                                                            ], 
                                                            "sub_type": 1
                                                        }
                                                    ], 
                                                    "sub_type": "POINT_OFFSET_VECTOR_POINT"
                                                }, 
                                                {
                                                    "arg_type": 100060, 
                                                    "args_list": [
                                                        {
                                                            "arg_type": 100000, 
                                                            "args_list": [
                                                                400.0
                                                            ], 
                                                            "sub_type": 1
                                                        }, 
                                                        {
                                                            "arg_type": 100000, 
                                                            "args_list": [
                                                                400.0
                                                            ], 
                                                            "sub_type": 1
                                                        }, 
                                                        {
                                                            "arg_type": 100225, 
                                                            "args_list": [
                                                                {
                                                                    "arg_type": 100006, 
                                                                    "args_list": [], 
                                                                    "sub_type": "ABILITY_OWNER"
                                                                }
                                                            ], 
                                                            "sub_type": "UNIT_FACE_ANGLE"
                                                        }
                                                    ], 
                                                    "op_arg": [
                                                        null, 
                                                        null
                                                    ], 
                                                    "op_arg_enable": [
                                                        false, 
                                                        false
                                                    ], 
                                                    "sub_type": "CONST_RECTANGLE_SHAPE_NEW"
                                                }
                                            ], 
                                            "op_arg": [
                                                {
                                                    "arg_type": 100027, 
                                                    "args_list": [
                                                        {
                                                            "arg_type": 100025, 
                                                            "args_list": [
                                                                {
                                                                    "arg_type": 100006, 
                                                                    "args_list": [], 
                                                                    "sub_type": "ABILITY_OWNER"
                                                                }
                                                            ], 
                                                            "sub_type": "OWNER_PLAYER"
                                                        }
                                                    ], 
                                                    "sub_type": "PLAYER_ENEMY"
                                                }, 
                                                null, 
                                                null, 
                                                null, 
                                                null, 
                                                null, 
                                                null, 
                                                {
                                                    "arg_type": 100006, 
                                                    "args_list": [], 
                                                    "sub_type": "ABILITY_OWNER"
                                                }, 
                                                null, 
                                                null, 
                                                null, 
                                                {
                                                    "arg_type": 100001, 
                                                    "args_list": [
                                                        true
                                                    ], 
                                                    "sub_type": 1
                                                }, 
                                                null, 
                                                null
                                            ], 
                                            "op_arg_enable": [
                                                true, 
                                                false, 
                                                false, 
                                                false, 
                                                false, 
                                                false, 
                                                false, 
                                                true, 
                                                false, 
                                                false, 
                                                false, 
                                                false, 
                                                false, 
                                                false
                                            ], 
                                            "sub_type": "UNIT_LIST_IN_SHAPE"
                                        }, 
                                        {
                                            "arg_type": 100022, 
                                            "args_list": [
                                                {
                                                    "action_type": "APPLY_DAMAGE", 
                                                    "args_list": [
                                                        {
                                                            "arg_type": 100006, 
                                                            "args_list": [], 
                                                            "sub_type": "ABILITY_OWNER"
                                                        }, 
                                                        {
                                                            "arg_type": 100014, 
                                                            "args_list": [], 
                                                            "sub_type": "CUR_ABILITY"
                                                        }, 
                                                        {
                                                            "arg_type": 100006, 
                                                            "args_list": [], 
                                                            "sub_type": "FOR_EACH_SELECTED_UNIT"
                                                        }, 
                                                        {
                                                            "arg_type": 100064, 
                                                            "args_list": [
                                                                0
                                                            ], 
                                                            "sub_type": 1
                                                        }, 
                                                        {
                                                            "arg_type": 100000, 
                                                            "args_list": [
                                                                {
                                                                    "arg_type": 100000, 
                                                                    "args_list": [
                                                                        {
                                                                            "arg_type": 100006, 
                                                                            "args_list": [], 
                                                                            "sub_type": "ABILITY_OWNER"
                                                                        }, 
                                                                        {
                                                                            "arg_type": 100301, 
                                                                            "args_list": [
                                                                                "ATTR_RESULT"
                                                                            ], 
                                                                            "sub_type": 1
                                                                        }, 
                                                                        {
                                                                            "arg_type": 100042, 
                                                                            "args_list": [
                                                                                "attack_phy"
                                                                            ], 
                                                                            "sub_type": 1
                                                                        }
                                                                    ], 
                                                                    "sub_type": "GET_UNIT_ATTR"
                                                                }, 
                                                                {
                                                                    "arg_type": 100017, 
                                                                    "args_list": [
                                                                        "*"
                                                                    ], 
                                                                    "sub_type": 1
                                                                }, 
                                                                {
                                                                    "arg_type": 100000, 
                                                                    "args_list": [
                                                                        0.8
                                                                    ], 
                                                                    "sub_type": 1
                                                                }
                                                            ], 
                                                            "sub_type": "ARITHMETIC_OPERATION"
                                                        }, 
                                                        {
                                                            "arg_type": 100001, 
                                                            "args_list": [
                                                                true
                                                            ], 
                                                            "sub_type": 1
                                                        }
                                                    ], 
                                                    "bp": false, 
                                                    "element_id": 1242083330000013, 
                                                    "enable": true, 
                                                    "op_arg": [
                                                        {
                                                            "arg_type": 100001, 
                                                            "args_list": [
                                                                true
                                                            ], 
                                                            "sub_type": 1
                                                        }, 
                                                        {
                                                            "arg_type": 100001, 
                                                            "args_list": [
                                                                true
                                                            ], 
                                                            "sub_type": 1
                                                        }, 
                                                        {
                                                            "arg_type": 100001, 
                                                            "args_list": [
                                                                true
                                                            ], 
                                                            "sub_type": 1
                                                        }, 
                                                        null, 
                                                        null, 
                                                        null
                                                    ], 
                                                    "op_arg_enable": [
                                                        false, 
                                                        false, 
                                                        false, 
                                                        false, 
                                                        false, 
                                                        false
                                                    ]
                                                }, 
                                                {
                                                    "action_type": "SET_VARIABLE", 
                                                    "args_list": [
                                                        null, 
                                                        {
                                                            "arg_type": 100148, 
                                                            "args_list": [
                                                                {
                                                                    "arg_type": 100066, 
                                                                    "args_list": [
                                                                        102466
                                                                    ], 
                                                                    "sub_type": 1
                                                                }, 
                                                                {
                                                                    "arg_type": 100004, 
                                                                    "args_list": [
                                                                        {
                                                                            "arg_type": 100006, 
                                                                            "args_list": [], 
                                                                            "sub_type": "FOR_EACH_SELECTED_UNIT"
                                                                        }
                                                                    ], 
                                                                    "sub_type": "UNIT_ENTITY_POINT"
                                                                }
                                                            ], 
                                                            "op_arg": [
                                                                null, 
                                                                null, 
                                                                {
                                                                    "arg_type": 100000, 
                                                                    "args_list": [
                                                                        50.0
                                                                    ], 
                                                                    "sub_type": 1
                                                                }, 
                                                                {
                                                                    "arg_type": 100000, 
                                                                    "args_list": [
                                                                        1.0
                                                                    ], 
                                                                    "sub_type": 1
                                                                }, 
                                                                null
                                                            ], 
                                                            "op_arg_enable": [
                                                                false, 
                                                                false, 
                                                                true, 
                                                                true, 
                                                                false
                                                            ], 
                                                            "sub_type": "CREATE_SFX_ON_POINT"
                                                        }
                                                    ], 
                                                    "bp": false, 
                                                    "element_id": 1242083330623496, 
                                                    "enable": true
                                                }
                                            ], 
                                            "sub_type": 1
                                        }
                                    ], 
                                    "bp": false, 
                                    "element_id": 1242083330000008, 
                                    "enable": true
                                }, 
                                {
                                    "action_type": "ADD_CUR_MP", 
                                    "args_list": [
                                        {
                                            "arg_type": 100006, 
                                            "args_list": [], 
                                            "sub_type": "ABILITY_OWNER"
                                        }, 
                                        {
                                            "arg_type": 100000, 
                                            "args_list": [
                                                20.0
                                            ], 
                                            "sub_type": 1
                                        }
                                    ], 
                                    "bp": false, 
                                    "element_id": 776572930000036, 
                                    "enable": true
                                }
                            ], 
                            "sub_type": 1
                        }, 
                        {
                            "arg_type": 100022, 
                            "args_list": [], 
                            "sub_type": 1
                        }, 
                        {
                            "arg_type": 100003, 
                            "args_list": [
                                "\u7981\u7528\u4ee3\u7801"
                            ], 
                            "sub_type": 1
                        }
                    ], 
                    "bp": false, 
                    "element_id": 850415619623499, 
                    "enable": false
                }, 
                {
                    "action_type": "STORAGE_BOX", 
                    "args_list": [
                        {
                            "arg_type": 100021, 
                            "args_list": [], 
                            "sub_type": 1
                        }, 
                        {
                            "arg_type": 100022, 
                            "args_list": [
                                {
                                    "action_type": "PLAY_ANIMATION", 
                                    "args_list": [
                                        {
                                            "arg_type": 100006, 
                                            "args_list": [], 
                                            "sub_type": "ABILITY_OWNER"
                                        }, 
                                        {
                                            "arg_type": 100003, 
                                            "args_list": [
                                                "attack1"
                                            ], 
                                            "sub_type": 1
                                        }, 
                                        {
                                            "arg_type": 100000, 
                                            "args_list": [
                                                1.0
                                            ], 
                                            "sub_type": 1
                                        }, 
                                        {
                                            "arg_type": 100000, 
                                            "args_list": [
                                                0.0
                                            ], 
                                            "sub_type": 1
                                        }, 
                                        {
                                            "arg_type": 100000, 
                                            "args_list": [
                                                -1.0
                                            ], 
                                            "sub_type": 1
                                        }, 
                                        {
                                            "arg_type": 100001, 
                                            "args_list": [
                                                false
                                            ], 
                                            "sub_type": 1
                                        }, 
                                        {
                                            "arg_type": 100001, 
                                            "args_list": [
                                                true
                                            ], 
                                            "sub_type": 1
                                        }
                                    ], 
                                    "bp": false, 
                                    "element_id": 34123777000005, 
                                    "enable": true
                                }, 
                                {
                                    "action_type": "SET_VARIABLE", 
                                    "args_list": [
                                        {
                                            "arg_type": 100006, 
                                            "args_list": [
                                                [
                                                    "UNIT_ENTITY", 
                                                    "normalAtkBall", 
                                                    "local"
                                                ]
                                            ], 
                                            "sub_type": 11
                                        }, 
                                        {
                                            "arg_type": 100006, 
                                            "args_list": [
                                                {
                                                    "arg_type": 100116, 
                                                    "args_list": [
                                                        134263281
                                                    ], 
                                                    "sub_type": 1
                                                }, 
                                                {
                                                    "arg_type": 100004, 
                                                    "args_list": [
                                                        {
                                                            "arg_type": 100006, 
                                                            "args_list": [], 
                                                            "sub_type": "ABILITY_OWNER"
                                                        }
                                                    ], 
                                                    "sub_type": "UNIT_ENTITY_POINT"
                                                }, 
                                                {
                                                    "arg_type": 100225, 
                                                    "args_list": [
                                                        {
                                                            "arg_type": 100000, 
                                                            "args_list": [
                                                                [
                                                                    "FLOAT", 
                                                                    "direction", 
                                                                    "actor"
                                                                ]
                                                            ], 
                                                            "sub_type": 2
                                                        }
                                                    ], 
                                                    "sub_type": "GET_ANGLE_BY_FLOAT"
                                                }, 
                                                {
                                                    "arg_type": 100006, 
                                                    "args_list": [], 
                                                    "sub_type": "ABILITY_OWNER"
                                                }
                                            ], 
                                            "sub_type": "CREATE_UNIT"
                                        }
                                    ], 
                                    "bp": false, 
                                    "element_id": 850415619623595, 
                                    "enable": true
                                }, 
                                {
                                    "action_type": "CREATE_SFX_ON_UNIT_NEW", 
                                    "args_list": [
                                        {
                                            "arg_type": 100066, 
                                            "args_list": [
                                                101417
                                            ], 
                                            "sub_type": 1
                                        }, 
                                        {
                                            "arg_type": 100006, 
                                            "args_list": [
                                                [
                                                    "UNIT_ENTITY", 
                                                    "normalAtkBall", 
                                                    "local"
                                                ]
                                            ], 
                                            "sub_type": 11
                                        }, 
                                        {
                                            "arg_type": 100003, 
                                            "args_list": [
                                                "origin"
                                            ], 
                                            "sub_type": 1
                                        }, 
                                        {
                                            "arg_type": 500220, 
                                            "args_list": [
                                                1
                                            ], 
                                            "sub_type": 1
                                        }, 
                                        {
                                            "arg_type": 100001, 
                                            "args_list": [
                                                true
                                            ], 
                                            "sub_type": 1
                                        }
                                    ], 
                                    "bp": false, 
                                    "element_id": 850415619623565, 
                                    "enable": true, 
                                    "op_arg": [
                                        {
                                            "arg_type": 100000, 
                                            "args_list": [
                                                0.3
                                            ], 
                                            "sub_type": 1
                                        }, 
                                        null, 
                                        null, 
                                        {
                                            "arg_type": 100001, 
                                            "args_list": [
                                                true
                                            ], 
                                            "sub_type": 1
                                        }
                                    ], 
                                    "op_arg_enable": [
                                        true, 
                                        false, 
                                        false, 
                                        false
                                    ]
                                }, 
                                {
                                    "action_type": "PLAY_SOUND_FOR_PLAYER", 
                                    "args_list": [
                                        {
                                            "arg_type": 100025, 
                                            "args_list": [
                                                {
                                                    "arg_type": 100006, 
                                                    "args_list": [], 
                                                    "sub_type": "ABILITY_OWNER"
                                                }
                                            ], 
                                            "sub_type": "OWNER_PLAYER"
                                        }, 
                                        {
                                            "arg_type": 100084, 
                                            "args_list": [
                                                134277887
                                            ], 
                                            "sub_type": 1
                                        }, 
                                        {
                                            "arg_type": 100001, 
                                            "args_list": [
                                                false
                                            ], 
                                            "sub_type": 1
                                        }
                                    ], 
                                    "bp": false, 
                                    "element_id": 850415619623569, 
                                    "enable": true, 
                                    "op_arg": [
                                        null, 
                                        null
                                    ], 
                                    "op_arg_enable": [
                                        false, 
                                        false
                                    ]
                                }, 
                                {
                                    "action_type": "CREATE_STRAIGHT_MOVER_SAVE", 
                                    "args_list": [
                                        {
                                            "arg_type": 100263, 
                                            "args_list": [
                                                [
                                                    "MOVER_ENTITY", 
                                                    "BallLocomotorium", 
                                                    "local"
                                                ]
                                            ], 
                                            "sub_type": 6
                                        }, 
                                        {
                                            "arg_type": 100006, 
                                            "args_list": [
                                                [
                                                    "UNIT_ENTITY", 
                                                    "normalAtkBall", 
                                                    "local"
                                                ]
                                            ], 
                                            "sub_type": 11
                                        }, 
                                        {
                                            "arg_type": 100225, 
                                            "args_list": [
                                                {
                                                    "arg_type": 100000, 
                                                    "args_list": [
                                                        [
                                                            "FLOAT", 
                                                            "direction", 
                                                            "actor"
                                                        ]
                                                    ], 
                                                    "sub_type": 2
                                                }
                                            ], 
                                            "sub_type": "GET_ANGLE_BY_FLOAT"
                                        }, 
                                        {
                                            "arg_type": 100000, 
                                            "args_list": [
                                                2500.0
                                            ], 
                                            "sub_type": 1
                                        }, 
                                        {
                                            "arg_type": 100000, 
                                            "args_list": [
                                                1500.0
                                            ], 
                                            "sub_type": 1
                                        }, 
                                        {
                                            "arg_type": 100000, 
                                            "args_list": [
                                                0.0
                                            ], 
                                            "sub_type": 1
                                        }, 
                                        {
                                            "arg_type": 100022, 
                                            "args_list": [
                                                {
                                                    "action_type": "REMOVE_MOVER", 
                                                    "args_list": [
                                                        {
                                                            "arg_type": 100263, 
                                                            "args_list": [
                                                                [
                                                                    "MOVER_ENTITY", 
                                                                    "BallLocomotorium", 
                                                                    "local"
                                                                ]
                                                            ], 
                                                            "sub_type": 6
                                                        }
                                                    ], 
                                                    "bp": false, 
                                                    "element_id": 850415619623611, 
                                                    "enable": true
                                                }
                                            ], 
                                            "sub_type": 1
                                        }, 
                                        {
                                            "arg_type": 100022, 
                                            "args_list": [], 
                                            "sub_type": 1
                                        }, 
                                        {
                                            "arg_type": 100022, 
                                            "args_list": [
                                                {
                                                    "action_type": "DELETE_UNIT", 
                                                    "args_list": [
                                                        {
                                                            "arg_type": 100006, 
                                                            "args_list": [
                                                                [
                                                                    "UNIT_ENTITY", 
                                                                    "normalAtkBall", 
                                                                    "local"
                                                                ]
                                                            ], 
                                                            "sub_type": 11
                                                        }
                                                    ], 
                                                    "bp": false, 
                                                    "element_id": 850415619623629, 
                                                    "enable": true
                                                }
                                            ], 
                                            "sub_type": 1
                                        }, 
                                        {
                                            "arg_type": 100022, 
                                            "args_list": [
                                                {
                                                    "action_type": "CREATE_SFX_ON_POINT", 
                                                    "args_list": [
                                                        {
                                                            "arg_type": 100066, 
                                                            "args_list": [
                                                                100164
                                                            ], 
                                                            "sub_type": 1
                                                        }, 
                                                        {
                                                            "arg_type": 100004, 
                                                            "args_list": [
                                                                {
                                                                    "arg_type": 100006, 
                                                                    "args_list": [
                                                                        [
                                                                            "UNIT_ENTITY", 
                                                                            "normalAtkBall", 
                                                                            "local"
                                                                        ]
                                                                    ], 
                                                                    "sub_type": 11
                                                                }
                                                            ], 
                                                            "sub_type": "UNIT_ENTITY_POINT"
                                                        }
                                                    ], 
                                                    "bp": false, 
                                                    "element_id": 850415619623633, 
                                                    "enable": true, 
                                                    "op_arg": [
                                                        null, 
                                                        {
                                                            "arg_type": 100000, 
                                                            "args_list": [
                                                                0.2
                                                            ], 
                                                            "sub_type": 1
                                                        }, 
                                                        null, 
                                                        {
                                                            "arg_type": 100000, 
                                                            "args_list": [
                                                                1.0
                                                            ], 
                                                            "sub_type": 1
                                                        }, 
                                                        {
                                                            "arg_type": 100001, 
                                                            "args_list": [
                                                                true
                                                            ], 
                                                            "sub_type": 1
                                                        }
                                                    ], 
                                                    "op_arg_enable": [
                                                        false, 
                                                        true, 
                                                        false, 
                                                        true, 
                                                        true
                                                    ]
                                                }, 
                                                {
                                                    "action_type": "REMOVE_MOVER", 
                                                    "args_list": [
                                                        {
                                                            "arg_type": 100263, 
                                                            "args_list": [
                                                                [
                                                                    "MOVER_ENTITY", 
                                                                    "BallLocomotorium", 
                                                                    "local"
                                                                ]
                                                            ], 
                                                            "sub_type": 6
                                                        }
                                                    ], 
                                                    "bp": false, 
                                                    "element_id": 850415619623635, 
                                                    "enable": true
                                                }
                                            ], 
                                            "sub_type": 1
                                        }, 
                                        {
                                            "arg_type": 100022, 
                                            "args_list": [
                                                {
                                                    "action_type": "IF_THEN_ELSE", 
                                                    "args_list": [
                                                        {
                                                            "arg_type": 100021, 
                                                            "args_list": [
                                                                {
                                                                    "args_list": [
                                                                        {
                                                                            "arg_type": 100006, 
                                                                            "args_list": [], 
                                                                            "sub_type": "MOVER_COLLIDE_UNIT"
                                                                        }, 
                                                                        {
                                                                            "arg_type": 100006, 
                                                                            "args_list": [], 
                                                                            "sub_type": "ABILITY_OWNER"
                                                                        }
                                                                    ], 
                                                                    "condition_type": "IS_ENEMY_RELATION", 
                                                                    "element_id": 850415619623657, 
                                                                    "enable": true
                                                                }
                                                            ], 
                                                            "sub_type": 1
                                                        }, 
                                                        {
                                                            "arg_type": 100022, 
                                                            "args_list": [
                                                                {
                                                                    "action_type": "IF_THEN_ELSE", 
                                                                    "args_list": [
                                                                        {
                                                                            "arg_type": 100021, 
                                                                            "args_list": [
                                                                                [
                                                                                    1495866248, 
                                                                                    "\u5904\u4e8e\u514d\u75ab\u72b6\u6001\u7684\u73a9\u5bb6\u4e0d\u53d7\u666e\u901a\u653b\u51fb\u4f24\u5bb3", 
                                                                                    850415619, 
                                                                                    "condition_type"
                                                                                ], 
                                                                                {
                                                                                    "args_list": [
                                                                                        {
                                                                                            "arg_type": 100001, 
                                                                                            "args_list": [
                                                                                                {
                                                                                                    "arg_type": 100006, 
                                                                                                    "args_list": [], 
                                                                                                    "sub_type": "MOVER_COLLIDE_UNIT"
                                                                                                }, 
                                                                                                {
                                                                                                    "arg_type": 100003, 
                                                                                                    "args_list": [
                                                                                                        "bDuringImmune"
                                                                                                    ], 
                                                                                                    "sub_type": 1
                                                                                                }
                                                                                            ], 
                                                                                            "sub_type": "GET_BOOLEAN_KV"
                                                                                        }, 
                                                                                        {
                                                                                            "arg_type": 100035, 
                                                                                            "args_list": [
                                                                                                "=="
                                                                                            ], 
                                                                                            "sub_type": 1
                                                                                        }, 
                                                                                        {
                                                                                            "arg_type": 100001, 
                                                                                            "args_list": [
                                                                                                false
                                                                                            ], 
                                                                                            "sub_type": 1
                                                                                        }
                                                                                    ], 
                                                                                    "condition_type": "BOOL_COMPARE", 
                                                                                    "element_id": 850415619623684, 
                                                                                    "enable": true
                                                                                }
                                                                            ], 
                                                                            "sub_type": 1
                                                                        }, 
                                                                        {
                                                                            "arg_type": 100022, 
                                                                            "args_list": [
                                                                                {
                                                                                    "action_type": "APPLY_DAMAGE", 
                                                                                    "args_list": [
                                                                                        {
                                                                                            "arg_type": 100006, 
                                                                                            "args_list": [], 
                                                                                            "sub_type": "ABILITY_OWNER"
                                                                                        }, 
                                                                                        {
                                                                                            "arg_type": 100014, 
                                                                                            "args_list": [], 
                                                                                            "sub_type": "CUR_ABILITY"
                                                                                        }, 
                                                                                        {
                                                                                            "arg_type": 100006, 
                                                                                            "args_list": [], 
                                                                                            "sub_type": "MOVER_COLLIDE_UNIT"
                                                                                        }, 
                                                                                        {
                                                                                            "arg_type": 100064, 
                                                                                            "args_list": [
                                                                                                2
                                                                                            ], 
                                                                                            "sub_type": 1
                                                                                        }, 
                                                                                        {
                                                                                            "arg_type": 100000, 
                                                                                            "args_list": [
                                                                                                50.0
                                                                                            ], 
                                                                                            "sub_type": 1
                                                                                        }, 
                                                                                        {
                                                                                            "arg_type": 100001, 
                                                                                            "args_list": [
                                                                                                true
                                                                                            ], 
                                                                                            "sub_type": 1
                                                                                        }
                                                                                    ], 
                                                                                    "bp": false, 
                                                                                    "element_id": 850415619623660, 
                                                                                    "enable": true, 
                                                                                    "op_arg": [
                                                                                        {
                                                                                            "arg_type": 100001, 
                                                                                            "args_list": [
                                                                                                true
                                                                                            ], 
                                                                                            "sub_type": 1
                                                                                        }, 
                                                                                        {
                                                                                            "arg_type": 100001, 
                                                                                            "args_list": [
                                                                                                true
                                                                                            ], 
                                                                                            "sub_type": 1
                                                                                        }, 
                                                                                        {
                                                                                            "arg_type": 100001, 
                                                                                            "args_list": [
                                                                                                true
                                                                                            ], 
                                                                                            "sub_type": 1
                                                                                        }, 
                                                                                        null, 
                                                                                        null, 
                                                                                        null
                                                                                    ], 
                                                                                    "op_arg_enable": [
                                                                                        true, 
                                                                                        false, 
                                                                                        false, 
                                                                                        false, 
                                                                                        false, 
                                                                                        false
                                                                                    ]
                                                                                }
                                                                            ], 
                                                                            "sub_type": 1
                                                                        }, 
                                                                        {
                                                                            "arg_type": 100022, 
                                                                            "args_list": [], 
                                                                            "sub_type": 1
                                                                        }
                                                                    ], 
                                                                    "bp": false, 
                                                                    "element_id": 850415619623674, 
                                                                    "enable": true, 
                                                                    "fake_op": []
                                                                }, 
                                                                {
                                                                    "action_type": "REMOVE_MOVER", 
                                                                    "args_list": [
                                                                        {
                                                                            "arg_type": 100263, 
                                                                            "args_list": [
                                                                                [
                                                                                    "MOVER_ENTITY", 
                                                                                    "BallLocomotorium", 
                                                                                    "local"
                                                                                ]
                                                                            ], 
                                                                            "sub_type": 6
                                                                        }
                                                                    ], 
                                                                    "bp": false, 
                                                                    "element_id": 850415619623670, 
                                                                    "enable": true
                                                                }, 
                                                                {
                                                                    "action_type": "SET_VARIABLE", 
                                                                    "args_list": [
                                                                        {
                                                                            "arg_type": 100148, 
                                                                            "args_list": [
                                                                                [
                                                                                    "SFX_ENTITY", 
                                                                                    "BoomFx", 
                                                                                    "local"
                                                                                ]
                                                                            ], 
                                                                            "sub_type": 4
                                                                        }, 
                                                                        {
                                                                            "arg_type": 100148, 
                                                                            "args_list": [
                                                                                {
                                                                                    "arg_type": 100066, 
                                                                                    "args_list": [
                                                                                        100164
                                                                                    ], 
                                                                                    "sub_type": 1
                                                                                }, 
                                                                                {
                                                                                    "arg_type": 100004, 
                                                                                    "args_list": [
                                                                                        {
                                                                                            "arg_type": 100006, 
                                                                                            "args_list": [
                                                                                                [
                                                                                                    "UNIT_ENTITY", 
                                                                                                    "normalAtkBall", 
                                                                                                    "local"
                                                                                                ]
                                                                                            ], 
                                                                                            "sub_type": 11
                                                                                        }
                                                                                    ], 
                                                                                    "sub_type": "UNIT_ENTITY_POINT"
                                                                                }
                                                                            ], 
                                                                            "op_arg": [
                                                                                null, 
                                                                                {
                                                                                    "arg_type": 100000, 
                                                                                    "args_list": [
                                                                                        0.2
                                                                                    ], 
                                                                                    "sub_type": 1
                                                                                }, 
                                                                                null, 
                                                                                {
                                                                                    "arg_type": 100000, 
                                                                                    "args_list": [
                                                                                        1.0
                                                                                    ], 
                                                                                    "sub_type": 1
                                                                                }, 
                                                                                {
                                                                                    "arg_type": 100001, 
                                                                                    "args_list": [
                                                                                        true
                                                                                    ], 
                                                                                    "sub_type": 1
                                                                                }
                                                                            ], 
                                                                            "op_arg_enable": [
                                                                                false, 
                                                                                true, 
                                                                                false, 
                                                                                true, 
                                                                                true
                                                                            ], 
                                                                            "sub_type": "CREATE_SFX_ON_POINT"
                                                                        }
                                                                    ], 
                                                                    "bp": false, 
                                                                    "element_id": 850415619623665, 
                                                                    "enable": true
                                                                }, 
                                                                {
                                                                    "action_type": "DELETE_SFX_ENTITY", 
                                                                    "args_list": [
                                                                        {
                                                                            "arg_type": 100148, 
                                                                            "args_list": [
                                                                                [
                                                                                    "SFX_ENTITY", 
                                                                                    "BoomFx", 
                                                                                    "local"
                                                                                ]
                                                                            ], 
                                                                            "sub_type": 4
                                                                        }
                                                                    ], 
                                                                    "bp": false, 
                                                                    "element_id": 850415619623694, 
                                                                    "enable": true, 
                                                                    "op_arg": [
                                                                        {
                                                                            "arg_type": 100001, 
                                                                            "args_list": [
                                                                                true
                                                                            ], 
                                                                            "sub_type": 1
                                                                        }
                                                                    ], 
                                                                    "op_arg_enable": [
                                                                        false
                                                                    ]
                                                                }
                                                            ], 
                                                            "sub_type": 1
                                                        }, 
                                                        {
                                                            "arg_type": 100022, 
                                                            "args_list": [], 
                                                            "sub_type": 1
                                                        }
                                                    ], 
                                                    "bp": false, 
                                                    "element_id": 850415619623639, 
                                                    "enable": true, 
                                                    "fake_op": [
                                                        2
                                                    ]
                                                }
                                            ], 
                                            "sub_type": 1
                                        }
                                    ], 
                                    "bp": false, 
                                    "element_id": 850415619623573, 
                                    "enable": true, 
                                    "fake_op": [
                                        8, 
                                        9, 
                                        10
                                    ], 
                                    "local_var": [
                                        {}, 
                                        {}
                                    ], 
                                    "op_arg": [
                                        null, 
                                        null, 
                                        {
                                            "arg_type": 100000, 
                                            "args_list": [
                                                60.0
                                            ], 
                                            "sub_type": 1
                                        }, 
                                        {
                                            "arg_type": 100000, 
                                            "args_list": [
                                                60.0
                                            ], 
                                            "sub_type": 1
                                        }, 
                                        null, 
                                        {
                                            "arg_type": 100176, 
                                            "args_list": [
                                                0
                                            ], 
                                            "sub_type": 1
                                        }, 
                                        {
                                            "arg_type": 100000, 
                                            "args_list": [
                                                20.0
                                            ], 
                                            "sub_type": 1
                                        }, 
                                        {
                                            "arg_type": 100001, 
                                            "args_list": [
                                                true
                                            ], 
                                            "sub_type": 1
                                        }, 
                                        {
                                            "arg_type": 100001, 
                                            "args_list": [
                                                true
                                            ], 
                                            "sub_type": 1
                                        }, 
                                        {
                                            "arg_type": 100001, 
                                            "args_list": [
                                                true
                                            ], 
                                            "sub_type": 1
                                        }, 
                                        null, 
                                        {
                                            "arg_type": 100001, 
                                            "args_list": [
                                                true
                                            ], 
                                            "sub_type": 1
                                        }, 
                                        null, 
                                        null, 
                                        null, 
                                        null
                                    ], 
                                    "op_arg_enable": [
                                        false, 
                                        false, 
                                        true, 
                                        true, 
                                        false, 
                                        true, 
                                        true, 
                                        true, 
                                        false, 
                                        true, 
                                        false, 
                                        false, 
                                        false, 
                                        false, 
                                        false, 
                                        false
                                    ]
                                }
                            ], 
                            "sub_type": 1
                        }, 
                        {
                            "arg_type": 100022, 
                            "args_list": [], 
                            "sub_type": 1
                        }, 
                        {
                            "arg_type": 100003, 
                            "args_list": [
                                "\u521b\u5efa\u70ae\u5f39\u903b\u8f91"
                            ], 
                            "sub_type": 1
                        }
                    ], 
                    "bp": false, 
                    "element_id": 850415619623544, 
                    "enable": true
                }
            ], 
            "call_enabled": true, 
            "condition": [], 
            "enabled": true, 
            "event": [
                {
                    "args_list": [], 
                    "element_id": 8504156190003, 
                    "enable": true, 
                    "event_type": "ABILITY_PS_END"
                }
            ], 
            "group_id": 134233019, 
            "p_trigger_id": null, 
            "trigger_id": 850415619, 
            "trigger_name": "stage2", 
            "valid": true
        }
    }, 
    "trigger_group_info": [
        {
            "_trigger_group_": true, 
            "group": [
                [
                    268054531, 
                    "stage1"
                ], 
                [
                    850415619, 
                    "stage2"
                ]
            ], 
            "key": 134233019, 
            "name": "134233019"
        }
    ], 
    "trigger_version": "1.2", 
    "variable_dict": {
        "FLOAT": {
            "direction": 0.0
        }
    }, 
    "variable_group_info": [
        [
            "direction", 
            "direction"
        ]
    ], 
    "variable_length_dict": {
        "direction": 0
    }
}