{
    "local_variable": {}, 
    "trigger_dict": {
        "1111924738": {
            "action": [
                [
                    1397626946, 
                    "\u5bf9\u5468\u56f4\u6240\u6709\u654c\u4eba\u9020\u6210\u4f24\u5bb3", 
                    1111924738, 
                    "action_type"
                ], 
                {
                    "action_type": "PICK_UNIT_DO_ACTION", 
                    "args_list": [
                        {
                            "arg_type": 100026, 
                            "args_list": [
                                {
                                    "arg_type": 100004, 
                                    "args_list": [
                                        {
                                            "arg_type": 100004, 
                                            "args_list": [
                                                {
                                                    "arg_type": 100006, 
                                                    "args_list": [], 
                                                    "sub_type": "ABILITY_OWNER"
                                                }
                                            ], 
                                            "sub_type": "UNIT_ENTITY_POINT"
                                        }, 
                                        {
                                            "arg_type": 100225, 
                                            "args_list": [
                                                {
                                                    "arg_type": 100006, 
                                                    "args_list": [], 
                                                    "sub_type": "ABILITY_OWNER"
                                                }
                                            ], 
                                            "sub_type": "UNIT_FACE_ANGLE"
                                        }, 
                                        {
                                            "arg_type": 100000, 
                                            "args_list": [
                                                200.0
                                            ], 
                                            "sub_type": 1
                                        }
                                    ], 
                                    "sub_type": "POINT_OFFSET_VECTOR_POINT"
                                }, 
                                {
                                    "arg_type": 100060, 
                                    "args_list": [
                                        {
                                            "arg_type": 100000, 
                                            "args_list": [
                                                400.0
                                            ], 
                                            "sub_type": 1
                                        }, 
                                        {
                                            "arg_type": 100000, 
                                            "args_list": [
                                                400.0
                                            ], 
                                            "sub_type": 1
                                        }, 
                                        {
                                            "arg_type": 100225, 
                                            "args_list": [
                                                {
                                                    "arg_type": 100006, 
                                                    "args_list": [], 
                                                    "sub_type": "ABILITY_OWNER"
                                                }
                                            ], 
                                            "sub_type": "UNIT_FACE_ANGLE"
                                        }
                                    ], 
                                    "op_arg": [
                                        null, 
                                        null
                                    ], 
                                    "op_arg_enable": [
                                        false, 
                                        false
                                    ], 
                                    "sub_type": "CONST_RECTANGLE_SHAPE_NEW"
                                }
                            ], 
                            "op_arg": [
                                {
                                    "arg_type": 100027, 
                                    "args_list": [
                                        {
                                            "arg_type": 100025, 
                                            "args_list": [
                                                {
                                                    "arg_type": 100006, 
                                                    "args_list": [], 
                                                    "sub_type": "ABILITY_OWNER"
                                                }
                                            ], 
                                            "sub_type": "OWNER_PLAYER"
                                        }
                                    ], 
                                    "sub_type": "PLAYER_ENEMY"
                                }, 
                                null, 
                                null, 
                                null, 
                                null, 
                                null, 
                                null, 
                                {
                                    "arg_type": 100006, 
                                    "args_list": [], 
                                    "sub_type": "ABILITY_OWNER"
                                }, 
                                null, 
                                null, 
                                null, 
                                {
                                    "arg_type": 100001, 
                                    "args_list": [
                                        true
                                    ], 
                                    "sub_type": 1
                                }, 
                                null, 
                                null
                            ], 
                            "op_arg_enable": [
                                true, 
                                false, 
                                false, 
                                false, 
                                false, 
                                false, 
                                false, 
                                true, 
                                false, 
                                false, 
                                false, 
                                false, 
                                false, 
                                false
                            ], 
                            "sub_type": "UNIT_LIST_IN_SHAPE"
                        }, 
                        {
                            "arg_type": 100022, 
                            "args_list": [
                                {
                                    "action_type": "APPLY_DAMAGE", 
                                    "args_list": [
                                        {
                                            "arg_type": 100006, 
                                            "args_list": [], 
                                            "sub_type": "ABILITY_OWNER"
                                        }, 
                                        {
                                            "arg_type": 100014, 
                                            "args_list": [], 
                                            "sub_type": "CUR_ABILITY"
                                        }, 
                                        {
                                            "arg_type": 100006, 
                                            "args_list": [], 
                                            "sub_type": "FOR_EACH_SELECTED_UNIT"
                                        }, 
                                        {
                                            "arg_type": 100064, 
                                            "args_list": [
                                                0
                                            ], 
                                            "sub_type": 1
                                        }, 
                                        {
                                            "arg_type": 100000, 
                                            "args_list": [
                                                {
                                                    "arg_type": 100000, 
                                                    "args_list": [
                                                        {
                                                            "arg_type": 100006, 
                                                            "args_list": [], 
                                                            "sub_type": "ABILITY_OWNER"
                                                        }, 
                                                        {
                                                            "arg_type": 100301, 
                                                            "args_list": [
                                                                "ATTR_RESULT"
                                                            ], 
                                                            "sub_type": 1
                                                        }, 
                                                        {
                                                            "arg_type": 100042, 
                                                            "args_list": [
                                                                "attack_phy"
                                                            ], 
                                                            "sub_type": 1
                                                        }
                                                    ], 
                                                    "sub_type": "GET_UNIT_ATTR"
                                                }, 
                                                {
                                                    "arg_type": 100017, 
                                                    "args_list": [
                                                        "*"
                                                    ], 
                                                    "sub_type": 1
                                                }, 
                                                {
                                                    "arg_type": 100000, 
                                                    "args_list": [
                                                        1.0
                                                    ], 
                                                    "sub_type": 1
                                                }
                                            ], 
                                            "sub_type": "ARITHMETIC_OPERATION"
                                        }, 
                                        {
                                            "arg_type": 100001, 
                                            "args_list": [
                                                true
                                            ], 
                                            "sub_type": 1
                                        }
                                    ], 
                                    "bp": false, 
                                    "element_id": 1242083330000013, 
                                    "enable": true, 
                                    "op_arg": [
                                        {
                                            "arg_type": 100001, 
                                            "args_list": [
                                                true
                                            ], 
                                            "sub_type": 1
                                        }, 
                                        {
                                            "arg_type": 100001, 
                                            "args_list": [
                                                true
                                            ], 
                                            "sub_type": 1
                                        }, 
                                        {
                                            "arg_type": 100001, 
                                            "args_list": [
                                                true
                                            ], 
                                            "sub_type": 1
                                        }, 
                                        null, 
                                        null, 
                                        null
                                    ], 
                                    "op_arg_enable": [
                                        false, 
                                        false, 
                                        false, 
                                        false, 
                                        false, 
                                        false
                                    ]
                                }, 
                                {
                                    "action_type": "CREATE_SFX_ON_POINT", 
                                    "args_list": [
                                        {
                                            "arg_type": 100066, 
                                            "args_list": [
                                                102466
                                            ], 
                                            "sub_type": 1
                                        }, 
                                        {
                                            "arg_type": 100004, 
                                            "args_list": [
                                                {
                                                    "arg_type": 100006, 
                                                    "args_list": [], 
                                                    "sub_type": "FOR_EACH_SELECTED_UNIT"
                                                }
                                            ], 
                                            "sub_type": "UNIT_ENTITY_POINT"
                                        }
                                    ], 
                                    "bp": false, 
                                    "element_id": 1242083330623496, 
                                    "enable": true, 
                                    "op_arg": [
                                        null, 
                                        null, 
                                        {
                                            "arg_type": 100000, 
                                            "args_list": [
                                                50.0
                                            ], 
                                            "sub_type": 1
                                        }, 
                                        {
                                            "arg_type": 100000, 
                                            "args_list": [
                                                1.0
                                            ], 
                                            "sub_type": 1
                                        }, 
                                        null
                                    ], 
                                    "op_arg_enable": [
                                        false, 
                                        false, 
                                        true, 
                                        true, 
                                        false
                                    ]
                                }
                            ], 
                            "sub_type": 1
                        }
                    ], 
                    "bp": false, 
                    "element_id": 1242083330000008, 
                    "enable": true
                }, 
                {
                    "action_type": "ADD_CUR_MP", 
                    "args_list": [
                        {
                            "arg_type": 100006, 
                            "args_list": [], 
                            "sub_type": "ABILITY_OWNER"
                        }, 
                        {
                            "arg_type": 100000, 
                            "args_list": [
                                20.0
                            ], 
                            "sub_type": 1
                        }
                    ], 
                    "bp": false, 
                    "element_id": 776572930000036, 
                    "enable": true
                }
            ], 
            "call_enabled": true, 
            "condition": [], 
            "enabled": true, 
            "event": [
                {
                    "args_list": [], 
                    "element_id": 1111924738000002, 
                    "enable": true, 
                    "event_type": "ABILITY_PS_END"
                }
            ], 
            "group_id": 134260206, 
            "p_trigger_id": null, 
            "trigger_id": 1111924738, 
            "trigger_name": "\u65b0\u5efa\u89e6\u53d1\u5668", 
            "valid": true
        }, 
        "1358909442": {
            "action": [
                {
                    "action_type": "CHANGE_UNIT_FACE_ANGLE", 
                    "args_list": [
                        {
                            "arg_type": 100006, 
                            "args_list": [], 
                            "sub_type": "ABILITY_OWNER"
                        }, 
                        {
                            "arg_type": 100225, 
                            "args_list": [
                                {
                                    "arg_type": 100000, 
                                    "args_list": [
                                        {
                                            "arg_type": 100225, 
                                            "args_list": [
                                                {
                                                    "arg_type": 100004, 
                                                    "args_list": [
                                                        {
                                                            "arg_type": 100006, 
                                                            "args_list": [], 
                                                            "sub_type": "ABILITY_OWNER"
                                                        }
                                                    ], 
                                                    "sub_type": "UNIT_ENTITY_POINT"
                                                }, 
                                                {
                                                    "arg_type": 100004, 
                                                    "args_list": [
                                                        {
                                                            "arg_type": 100014, 
                                                            "args_list": [], 
                                                            "sub_type": "CUR_ABILITY"
                                                        }
                                                    ], 
                                                    "sub_type": "ABILITY_RELEASE_POSITION"
                                                }
                                            ], 
                                            "sub_type": "GET_POINTS_ANGLE"
                                        }
                                    ], 
                                    "sub_type": "GET_FLOAT_BY_ANGLE"
                                }
                            ], 
                            "sub_type": "GET_ANGLE_BY_FLOAT"
                        }
                    ], 
                    "bp": false, 
                    "element_id": 1614643210035, 
                    "enable": true, 
                    "op_arg": [
                        {
                            "arg_type": 100002, 
                            "args_list": [
                                0
                            ], 
                            "sub_type": 1
                        }
                    ], 
                    "op_arg_enable": [
                        true
                    ]
                }, 
                {
                    "action_type": "CREATE_SFX_ON_UNIT", 
                    "args_list": [
                        {
                            "arg_type": 100066, 
                            "args_list": [
                                102863
                            ], 
                            "sub_type": 1
                        }, 
                        {
                            "arg_type": 100006, 
                            "args_list": [], 
                            "sub_type": "ABILITY_OWNER"
                        }, 
                        {
                            "arg_type": 100003, 
                            "args_list": [
                                "effect_01"
                            ], 
                            "sub_type": 1
                        }, 
                        {
                            "arg_type": 100001, 
                            "args_list": [
                                true
                            ], 
                            "sub_type": 1
                        }, 
                        {
                            "arg_type": 100001, 
                            "args_list": [
                                true
                            ], 
                            "sub_type": 1
                        }
                    ], 
                    "bp": false, 
                    "element_id": 19398656020014, 
                    "enable": true, 
                    "op_arg": [
                        {
                            "arg_type": 100000, 
                            "args_list": [
                                0.8
                            ], 
                            "sub_type": 1
                        }, 
                        {
                            "arg_type": 100000, 
                            "args_list": [
                                0.4
                            ], 
                            "sub_type": 1
                        }, 
                        null, 
                        null
                    ], 
                    "op_arg_enable": [
                        true, 
                        true, 
                        false, 
                        false
                    ]
                }, 
                {
                    "action_type": "PLAY_ANIMATION", 
                    "args_list": [
                        {
                            "arg_type": 100006, 
                            "args_list": [], 
                            "sub_type": "ABILITY_OWNER"
                        }, 
                        {
                            "arg_type": 100003, 
                            "args_list": [
                                "attack2"
                            ], 
                            "sub_type": 1
                        }, 
                        {
                            "arg_type": 100000, 
                            "args_list": [
                                1.0
                            ], 
                            "sub_type": 1
                        }, 
                        {
                            "arg_type": 100000, 
                            "args_list": [
                                0.0
                            ], 
                            "sub_type": 1
                        }, 
                        {
                            "arg_type": 100000, 
                            "args_list": [
                                -1.0
                            ], 
                            "sub_type": 1
                        }, 
                        {
                            "arg_type": 100001, 
                            "args_list": [
                                false
                            ], 
                            "sub_type": 1
                        }, 
                        {
                            "arg_type": 100001, 
                            "args_list": [
                                true
                            ], 
                            "sub_type": 1
                        }
                    ], 
                    "bp": false, 
                    "element_id": 34123777000005, 
                    "enable": true
                }, 
                [
                    13589094420047, 
                    "\u4e0b\u4e00\u6b21\u653b\u51fb\u5c06\u662f3", 
                    1358909442, 
                    "action_type"
                ], 
                {
                    "action_type": "SET_ENTITY_KV", 
                    "args_list": [
                        {
                            "arg_type": 100006, 
                            "args_list": [], 
                            "sub_type": "ABILITY_OWNER"
                        }, 
                        {
                            "arg_type": 100003, 
                            "args_list": [
                                "Num_attack"
                            ], 
                            "sub_type": 1
                        }, 
                        {
                            "arg_type": 100002, 
                            "args_list": [
                                3
                            ], 
                            "sub_type": 1
                        }
                    ], 
                    "bp": false, 
                    "element_id": 1614643210027, 
                    "enable": true
                }
            ], 
            "call_enabled": true, 
            "condition": [], 
            "enabled": true, 
            "event": [
                {
                    "args_list": [], 
                    "element_id": 13589094420003, 
                    "enable": true, 
                    "event_type": "ABILITY_PS_START"
                }
            ], 
            "group_id": 134260206, 
            "p_trigger_id": null, 
            "trigger_id": 1358909442, 
            "trigger_name": "TRIGGER", 
            "valid": true
        }
    }, 
    "trigger_group_info": [
        {
            "_trigger_group_": true, 
            "group": [
                [
                    1111924738, 
                    "\u65b0\u5efa\u89e6\u53d1\u5668"
                ], 
                [
                    1358909442, 
                    "TRIGGER"
                ]
            ], 
            "key": 134260206, 
            "name": "134260206"
        }
    ], 
    "trigger_version": "1.2", 
    "variable_dict": {}, 
    "variable_group_info": [], 
    "variable_length_dict": {}
}