{
    "b": [], 
    "c": [], 
    "p": [
        {
            "__tuple__": true, 
            "items": [
                "strength", 
                {
                    "d": "Strength", 
                    "k": "strength", 
                    "m": []
                }
            ]
        }, 
        {
            "__tuple__": true, 
            "items": [
                "agility", 
                {
                    "d": "Agility", 
                    "k": "agility", 
                    "m": []
                }
            ]
        }, 
        {
            "__tuple__": true, 
            "items": [
                "intelligence", 
                {
                    "d": "Intelligence", 
                    "k": "intelligence", 
                    "m": []
                }
            ]
        }, 
        {
            "__tuple__": true, 
            "items": [
                "main", 
                {
                    "d": "Main Attribute", 
                    "k": "main", 
                    "m": []
                }
            ]
        }
    ], 
    "ps": 1
}