{
    "local_variable": {
        "36646942": {
            "variable_dict": {
                "INTEGER": {
                    "cindex": 0, 
                    "rindex": 0
                }, 
                "PLAYER": {
                    "player": 0
                }, 
                "UNIT_ENTITY": {
                    "unit": 0
                }
            }, 
            "variable_length_dict": {
                "cindex": 0, 
                "player": 0, 
                "rindex": 0, 
                "unit": 0
            }
        }, 
        "72462362": {
            "variable_dict": {
                "INTEGER": {
                    "cindex": 0, 
                    "rindex": 0
                }
            }, 
            "variable_length_dict": {
                "cindex": 0, 
                "rindex": 0
            }
        }, 
        "132288546": {
            "variable_dict": {
                "ABILITY": {
                    "skill": null
                }, 
                "BOOLEAN": {
                    "boolean": false, 
                    "is_shop_tips": false
                }, 
                "ITEM_ENTITY": {
                    "item": 0
                }, 
                "ITEM_NAME": {
                    "item_type": 0
                }, 
                "MODIFIER_ENTITY": {
                    "modifier": 0
                }, 
                "PLAYER": {
                    "player": 0
                }, 
                "STRING": {}
            }, 
            "variable_length_dict": {
                "boolean": 0, 
                "is_shop_tips": 0, 
                "item": 0, 
                "item_type": 0, 
                "modifier": 0, 
                "player": 0, 
                "skill": 0
            }
        }, 
        "210653238": {
            "variable_dict": {
                "UNIT_ENTITY": {
                    "last_main_unit": 0
                }, 
                "UNIT_GROUP": {
                    "unit_group": []
                }
            }, 
            "variable_length_dict": {
                "last_main_unit": 0, 
                "unit_group": 0
            }
        }, 
        "267952199": {
            "variable_dict": {
                "INTEGER": {
                    "Player ID": 0
                }, 
                "UNIT_ENTITY": {
                    "Unit": 0
                }
            }, 
            "variable_length_dict": {
                "Player ID": 0, 
                "Unit": 0
            }
        }, 
        "280154191": {
            "variable_dict": {
                "INTEGER": {
                    "Player ID": 0
                }, 
                "UNIT_NAME": {
                    "HeroList": 0
                }
            }, 
            "variable_length_dict": {
                "HeroList": 10, 
                "Player ID": 0
            }
        }, 
        "333193219": {
            "variable_dict": {
                "BOOLEAN": {
                    "is_bag_open": false
                }
            }, 
            "variable_length_dict": {
                "is_bag_open": 0
            }
        }, 
        "360423504": {
            "variable_dict": {
                "ABILITY_NAME": {}, 
                "INTEGER": {
                    "LoopIndex": 0, 
                    "PointIndex": 0, 
                    "PropIndex": 0
                }, 
                "PLAYER": {}, 
                "POINT": {
                    "GenerationPointList": {
                        "__tuple__": true, 
                        "items": [
                            0, 
                            0, 
                            0
                        ]
                    }, 
                    "ShuffledPointList": {
                        "__tuple__": true, 
                        "items": [
                            0, 
                            0, 
                            0
                        ]
                    }
                }, 
                "PROJECTILE": {
                    "PropList": 0
                }, 
                "PROJECTILE_ENTITY": {
                    "Projectile": 0
                }, 
                "PROJECTILE_GROUP": {}, 
                "RANDOM_POOL": {
                    "GenPointPool": null, 
                    "PropPool": null
                }, 
                "UNIT_ENTITY": {}
            }, 
            "variable_length_dict": {
                "GenPointPool": 0, 
                "GenerationPointList": 10, 
                "LoopIndex": 0, 
                "PointIndex": 0, 
                "Projectile": 0, 
                "PropIndex": 0, 
                "PropList": 10, 
                "PropPool": 0, 
                "ShuffledPointList": 10
            }
        }, 
        "366354479": {
            "variable_dict": {
                "PLAYER": {
                    "player": 0
                }, 
                "UNIT_ENTITY": {
                    "store unit": 0
                }
            }, 
            "variable_length_dict": {
                "player": 0, 
                "store unit": 0
            }
        }, 
        "385392708": {
            "variable_dict": {
                "STRING": {
                    "message": "", 
                    "str": ""
                }
            }, 
            "variable_length_dict": {
                "message": 0, 
                "str": 0
            }
        }, 
        "435724348": {
            "variable_dict": {
                "PLAYER": {
                    "player": 0
                }, 
                "PROJECTILE": {
                    "projectType": 0
                }, 
                "PROJECTILE_ENTITY": {
                    "project": 0
                }, 
                "UNIT_ENTITY": {
                    "unit": 0
                }
            }, 
            "variable_length_dict": {
                "player": 0, 
                "project": 0, 
                "projectType": 0, 
                "unit": 0
            }
        }, 
        "469278789": {
            "variable_dict": {
                "INTEGER": {}
            }, 
            "variable_length_dict": {}
        }, 
        "486539356": {
            "variable_dict": {
                "INTEGER": {
                    "Player ID": 0
                }, 
                "UNIT_NAME": {}
            }, 
            "variable_length_dict": {
                "Player ID": 0
            }
        }, 
        "503685198": {
            "variable_dict": {
                "ABILITY": {
                    "skill": null
                }, 
                "INTEGER": {
                    "Player ID": 0, 
                    "UnitSpeed": 0
                }, 
                "STRING": {
                    "CurrentAtkAttr": "", 
                    "LastAtkAttr": ""
                }, 
                "UNIT_ENTITY": {
                    "recipient": 0, 
                    "releaser": 0
                }
            }, 
            "variable_length_dict": {
                "CurrentAtkAttr": 0, 
                "LastAtkAttr": 0, 
                "Player ID": 0, 
                "UnitSpeed": 0, 
                "recipient": 0, 
                "releaser": 0, 
                "skill": 0
            }
        }, 
        "503767069": {
            "variable_dict": {
                "ITEM_ENTITY": {
                    "item": 0
                }, 
                "PLAYER": {
                    "player": 0
                }
            }, 
            "variable_length_dict": {
                "item": 0, 
                "player": 0
            }
        }, 
        "524156982": {
            "variable_dict": {
                "UNIT_ENTITY": {
                    "last_main_unit": 0
                }, 
                "UNIT_GROUP": {
                    "unit_group": []
                }
            }, 
            "variable_length_dict": {
                "last_main_unit": 0, 
                "unit_group": 0
            }
        }, 
        "524542031": {
            "variable_dict": {
                "PLAYER": {
                    "player": 0
                }, 
                "UNIT_ENTITY": {
                    "unit": 0
                }
            }, 
            "variable_length_dict": {
                "player": 0, 
                "unit": 0
            }
        }, 
        "534593552": {
            "variable_dict": {
                "INTEGER": {
                    "index": 0
                }, 
                "PLAYER": {
                    "player": 0
                }, 
                "UNIT_ENTITY": {
                    "unit": 0
                }
            }, 
            "variable_length_dict": {
                "index": 0, 
                "player": 0, 
                "unit": 0
            }
        }, 
        "553164861": {
            "variable_dict": {
                "PLAYER": {
                    "player": 0
                }, 
                "PROJECTILE_ENTITY": {
                    "project": 0
                }
            }, 
            "variable_length_dict": {
                "player": 0, 
                "project": 0
            }
        }, 
        "568463368": {
            "variable_dict": {
                "NEW_TIMER": {
                    "t": -1
                }, 
                "PLAYER": {
                    "player": 0
                }, 
                "UNIT_ENTITY": {
                    "unit": 0
                }
            }, 
            "variable_length_dict": {
                "player": 0, 
                "t": 0, 
                "unit": 0
            }
        }, 
        "603496524": {
            "variable_dict": {
                "INTEGER": {
                    "Player ID": 0
                }, 
                "POINT": {}, 
                "PROJECTILE_GROUP": {}, 
                "RANDOM_POOL": {}, 
                "UNIT_NAME": {}
            }, 
            "variable_length_dict": {
                "Player ID": 0
            }
        }, 
        "637050953": {
            "variable_dict": {
                "INTEGER": {
                    "Player ID": 0
                }
            }, 
            "variable_length_dict": {
                "Player ID": 0
            }
        }, 
        "671428624": {
            "variable_dict": {
                "DYNAMIC_TRIGGER_INSTANCE": {
                    "t1": 0, 
                    "t2": 0
                }, 
                "ITEM_ENTITY": {
                    "item": 0
                }, 
                "PLAYER": {
                    "player": 0
                }, 
                "UNIT_ENTITY": {
                    "unit": 0
                }
            }, 
            "variable_length_dict": {
                "item": 0, 
                "player": 0, 
                "t1": 0, 
                "t2": 0, 
                "unit": 0
            }
        }, 
        "718082063": {
            "variable_dict": {
                "INTEGER": {
                    "index": 0, 
                    "n": 0
                }, 
                "PLAYER": {
                    "player": 0
                }, 
                "UNIT_ENTITY": {
                    "unit": 0
                }
            }, 
            "variable_length_dict": {
                "index": 0, 
                "n": 0, 
                "player": 0, 
                "unit": 0
            }
        }, 
        "734306311": {
            "variable_dict": {
                "INTEGER": {
                    "Ci": 0, 
                    "Ri": 0, 
                    "bag_slot": 0, 
                    "now_column": 0, 
                    "now_row": 0
                }, 
                "UI_PREFAB_INSTANCE": {
                    "slot": ""
                }
            }, 
            "variable_length_dict": {
                "Ci": 0, 
                "Ri": 0, 
                "bag_slot": 0, 
                "now_column": 0, 
                "now_row": 0, 
                "slot": 0
            }
        }, 
        "786112514": {
            "variable_dict": {
                "DYNAMIC_TRIGGER_INSTANCE": {
                    "trig": 0
                }, 
                "INTEGER": {
                    "hero_list_len": 0, 
                    "i": 0, 
                    "n": 0, 
                    "num": 0
                }, 
                "NEW_TIMER": {}, 
                "STRING": {
                    "hour": "", 
                    "min": ""
                }
            }, 
            "variable_length_dict": {
                "hero_list_len": 0, 
                "hour": 0, 
                "i": 0, 
                "min": 0, 
                "n": 0, 
                "num": 0, 
                "trig": 0
            }
        }, 
        "799694942": {
            "variable_dict": {
                "INTEGER": {
                    "CurrentScore": 0, 
                    "Player ID": 0
                }, 
                "STRING": {
                    "camp": ""
                }
            }, 
            "variable_length_dict": {
                "CurrentScore": 0, 
                "Player ID": 0, 
                "camp": 0
            }
        }, 
        "828813355": {
            "variable_dict": {
                "FLOAT": {
                    "time": 0.0
                }, 
                "NEW_TIMER": {
                    "t": -1
                }, 
                "PLAYER": {
                    "player": 0
                }, 
                "STRING": {
                    "info": ""
                }
            }, 
            "variable_length_dict": {
                "info": 0, 
                "player": 0, 
                "t": 0, 
                "time": 0
            }
        }, 
        "863993900": {
            "variable_dict": {
                "FLOAT": {
                    "dis": 0.0
                }
            }, 
            "variable_length_dict": {
                "dis": 0
            }
        }, 
        "888709190": {
            "variable_dict": {
                "INTEGER": {
                    "Player ID": 0
                }
            }, 
            "variable_length_dict": {
                "Player ID": 0
            }
        }, 
        "892346463": {
            "variable_dict": {
                "INTEGER": {
                    "Player ID": 0
                }, 
                "UNIT_ENTITY": {
                    "Unit": 0
                }
            }, 
            "variable_length_dict": {
                "Player ID": 0, 
                "Unit": 0
            }
        }, 
        "934527060": {
            "variable_dict": {
                "INTEGER": {
                    "duration": 2
                }, 
                "STRING": {
                    "reportText": ""
                }, 
                "UNIT_ENTITY": {
                    "recipient": 0, 
                    "releaser": 0
                }
            }, 
            "variable_length_dict": {
                "duration": 0, 
                "recipient": 0, 
                "releaser": 0, 
                "reportText": 0
            }
        }, 
        "972595267": {
            "variable_dict": {
                "PLAYER": {
                    "player": 0
                }, 
                "UNIT_ENTITY": {
                    "unit": 0
                }
            }, 
            "variable_length_dict": {
                "player": 0, 
                "unit": 0
            }
        }, 
        "990195764": {
            "variable_dict": {
                "INTEGER": {
                    "n": 0
                }
            }, 
            "variable_length_dict": {
                "n": 0
            }
        }, 
        "1039151122": {
            "variable_dict": {
                "FLOAT": {
                    "pos": 0.0, 
                    "tips_size": 0.0
                }, 
                "PLAYER": {
                    "Player": 0
                }
            }, 
            "variable_length_dict": {
                "Player": 0, 
                "pos": 10, 
                "tips_size": 10
            }
        }, 
        "1106812991": {
            "variable_dict": {
                "INTEGER": {
                    "Player ID": 0
                }, 
                "PLAYER": {
                    "player": 0
                }, 
                "UNIT_ENTITY": {
                    "unit": 0
                }
            }, 
            "variable_length_dict": {
                "Player ID": 0, 
                "player": 0, 
                "unit": 0
            }
        }, 
        "1154953301": {
            "variable_dict": {
                "INTEGER": {
                    "duration": 2
                }, 
                "STRING": {
                    "reportText": ""
                }, 
                "UNIT_ENTITY": {
                    "recipient": 0
                }
            }, 
            "variable_length_dict": {
                "duration": 0, 
                "recipient": 0, 
                "reportText": 0
            }
        }, 
        "1173921870": {
            "variable_dict": {
                "INTEGER": {
                    "Player ID": 0
                }
            }, 
            "variable_length_dict": {
                "Player ID": 0
            }
        }, 
        "1257807929": {
            "variable_dict": {
                "ANGLE": {
                    "Degrees": 0.0
                }, 
                "FLOAT": {
                    "Distance": 0.0
                }, 
                "INTEGER": {
                    "Player ID": 0, 
                    "x": 0, 
                    "y": 0
                }, 
                "PLAYER": {
                    "player": 0
                }, 
                "POINT": {
                    "Aim Point": {
                        "__tuple__": true, 
                        "items": [
                            0, 
                            0, 
                            0
                        ]
                    }
                }, 
                "UNIT_ENTITY": {}
            }, 
            "variable_length_dict": {
                "Aim Point": 0, 
                "Degrees": 0, 
                "Distance": 0, 
                "Player ID": 0, 
                "player": 0, 
                "x": 0, 
                "y": 0
            }
        }, 
        "1270726670": {
            "variable_dict": {
                "NEW_TIMER": {
                    "t": -1
                }, 
                "PLAYER": {
                    "player": 0
                }, 
                "UNIT_ENTITY": {
                    "unit": 0
                }
            }, 
            "variable_length_dict": {
                "player": 0, 
                "t": 0, 
                "unit": 0
            }
        }, 
        "1302442017": {
            "variable_dict": {
                "PLAYER": {
                    "player": 0
                }, 
                "UNIT_ENTITY": {
                    "unit": 0
                }
            }, 
            "variable_length_dict": {
                "player": 0, 
                "unit": 0
            }
        }, 
        "1307955278": {
            "variable_dict": {
                "INTEGER": {
                    "duration": 1
                }, 
                "STRING": {
                    "reportText": ""
                }, 
                "UNIT_ENTITY": {
                    "recipient": 0, 
                    "releaser": 0
                }
            }, 
            "variable_length_dict": {
                "duration": 0, 
                "recipient": 0, 
                "releaser": 0, 
                "reportText": 0
            }
        }, 
        "1325858865": {
            "variable_dict": {
                "INTEGER": {
                    "i": 0
                }, 
                "PLAYER": {
                    "player": 0
                }, 
                "UNIT_ENTITY": {
                    "store_unit": 0
                }
            }, 
            "variable_length_dict": {
                "i": 0, 
                "player": 0, 
                "store_unit": 0
            }
        }, 
        "1384443993": {
            "variable_dict": {
                "INTEGER": {
                    "Player ID": 0
                }
            }, 
            "variable_length_dict": {
                "Player ID": 0
            }
        }, 
        "1393229841": {
            "variable_dict": {
                "DESTRUCTIBLE_ENTITY": {
                    "destructible": 0
                }, 
                "DYNAMIC_TRIGGER_INSTANCE": {
                    "t1": 0, 
                    "t2": 0
                }, 
                "ITEM_ENTITY": {
                    "item": 0
                }, 
                "PLAYER": {
                    "player": 0
                }, 
                "UNIT_ENTITY": {
                    "unit": 0
                }
            }, 
            "variable_length_dict": {
                "destructible": 0, 
                "item": 0, 
                "player": 0, 
                "t1": 0, 
                "t2": 0, 
                "unit": 0
            }
        }, 
        "1425182768": {
            "variable_dict": {
                "INTEGER": {
                    "goods_index": 0, 
                    "n": 0, 
                    "new tab index": 0, 
                    "slot": 0
                }, 
                "NEW_TIMER": {
                    "t": -1
                }, 
                "PLAYER": {
                    "player": 0
                }, 
                "UNIT_ENTITY": {
                    "store unit": 0, 
                    "unit": 0
                }
            }, 
            "variable_length_dict": {
                "goods_index": 0, 
                "n": 0, 
                "new tab index": 0, 
                "player": 0, 
                "slot": 0, 
                "store unit": 0, 
                "t": 0, 
                "unit": 0
            }
        }, 
        "1425580109": {
            "variable_dict": {
                "INTEGER": {
                    "BeatenNum": 0, 
                    "HitterNum": 0, 
                    "Player ID": 0
                }, 
                "SOUND_ENTITY": {
                    "video": 0
                }
            }, 
            "variable_length_dict": {
                "BeatenNum": 0, 
                "HitterNum": 0, 
                "Player ID": 0, 
                "video": 0
            }
        }, 
        "1486655581": {
            "variable_dict": {
                "INTEGER": {
                    "BeatenNum": 0, 
                    "HitterNum": 0, 
                    "Player ID": 0
                }, 
                "STRING": {
                    "camp": ""
                }, 
                "UNIT_ENTITY": {
                    "releaser": 0
                }
            }, 
            "variable_length_dict": {
                "BeatenNum": 0, 
                "HitterNum": 0, 
                "Player ID": 0, 
                "camp": 0, 
                "releaser": 0
            }
        }, 
        "1496309785": {
            "variable_dict": {
                "INTEGER": {
                    "cindex": 0, 
                    "i": 0, 
                    "index": 0, 
                    "rindex": 0, 
                    "row": 0
                }, 
                "NEW_TIMER": {}, 
                "PLAYER": {
                    "player": 0
                }
            }, 
            "variable_length_dict": {
                "cindex": 0, 
                "i": 0, 
                "index": 0, 
                "player": 0, 
                "rindex": 0, 
                "row": 0
            }
        }, 
        "1516888151": {
            "variable_dict": {
                "INTEGER": {
                    "Player ID": 0
                }, 
                "UNIT_NAME": {
                    "HeroList": 0
                }
            }, 
            "variable_length_dict": {
                "HeroList": 10, 
                "Player ID": 0
            }
        }, 
        "1559846928": {
            "variable_dict": {
                "INTEGER": {
                    "Ci": 0, 
                    "Ri": 0, 
                    "i": 0, 
                    "index": 0
                }, 
                "NEW_TIMER": {
                    "t": -1
                }, 
                "PLAYER": {
                    "player": 0
                }, 
                "UNIT_ENTITY": {
                    "unit": 0
                }, 
                "UNIT_GROUP": {
                    "unit group": []
                }
            }, 
            "variable_length_dict": {
                "Ci": 0, 
                "Ri": 0, 
                "i": 0, 
                "index": 0, 
                "player": 0, 
                "t": 0, 
                "unit": 0, 
                "unit group": 0
            }
        }, 
        "1585119271": {
            "variable_dict": {
                "INTEGER": {
                    "goods_index": 0, 
                    "i": 0, 
                    "n": 0, 
                    "slot": 0
                }, 
                "NEW_TIMER": {
                    "t": -1
                }, 
                "PLAYER": {
                    "buyer player": 0, 
                    "player": 0
                }, 
                "UNIT_ENTITY": {
                    "store unit": 0, 
                    "unit": 0
                }
            }, 
            "variable_length_dict": {
                "buyer player": 0, 
                "goods_index": 0, 
                "i": 0, 
                "n": 0, 
                "player": 0, 
                "slot": 0, 
                "store unit": 0, 
                "t": 0, 
                "unit": 0
            }
        }, 
        "1626906698": {
            "variable_dict": {
                "INTEGER": {
                    "Player ID": 0
                }, 
                "PROJECTILE_ENTITY": {
                    "project": 0
                }, 
                "UNIT_ENTITY": {
                    "Unit": 0
                }
            }, 
            "variable_length_dict": {
                "Player ID": 0, 
                "Unit": 0, 
                "project": 0
            }
        }, 
        "1665630250": {
            "variable_dict": {
                "FLOAT": {
                    "dis": 0.0
                }
            }, 
            "variable_length_dict": {
                "dis": 0
            }
        }, 
        "1692389467": {
            "variable_dict": {
                "INTEGER": {
                    "Player ID": 0
                }
            }, 
            "variable_length_dict": {
                "Player ID": 0
            }
        }, 
        "1806327889": {
            "variable_dict": {
                "FLOAT": {
                    "BigMonsterOrient": 0.0, 
                    "SmallMonsterOrient1": 0.0, 
                    "SmallMonsterOrient2": 0.0
                }, 
                "POINT": {
                    "BigMonsterPoint": {
                        "__tuple__": true, 
                        "items": [
                            0, 
                            0, 
                            0
                        ]
                    }, 
                    "SmallMonsterPoint1": {
                        "__tuple__": true, 
                        "items": [
                            0, 
                            0, 
                            0
                        ]
                    }, 
                    "SmallMonsterPoint2": {
                        "__tuple__": true, 
                        "items": [
                            0, 
                            0, 
                            0
                        ]
                    }
                }, 
                "PROJECTILE_ENTITY": {
                    "CountdownFX": 0
                }, 
                "RECTANGLE": {
                    "area": 0
                }, 
                "UNIT_ENTITY": {
                    "SmallMonster1": 0
                }, 
                "UNIT_NAME": {
                    "monsterType": 0
                }
            }, 
            "variable_length_dict": {
                "BigMonsterOrient": 0, 
                "BigMonsterPoint": 0, 
                "CountdownFX": 0, 
                "SmallMonster1": 0, 
                "SmallMonsterOrient1": 0, 
                "SmallMonsterOrient2": 0, 
                "SmallMonsterPoint1": 0, 
                "SmallMonsterPoint2": 0, 
                "area": 0, 
                "monsterType": 0
            }
        }, 
        "1821921366": {
            "variable_dict": {
                "INTEGER": {
                    "BeatenNum": 0, 
                    "CurrentScore": 0, 
                    "HitterNum": 0, 
                    "Player ID": 0, 
                    "ScoreList": 0, 
                    "score": 0
                }, 
                "STRING": {
                    "camp": ""
                }, 
                "TABLE": {}, 
                "UI_COMP": {
                    "PlayerScoreBar": ""
                }, 
                "UI_PREFAB": {}, 
                "UI_PREFAB_INSTANCE": {}, 
                "UNIT_ENTITY": {}
            }, 
            "variable_length_dict": {
                "BeatenNum": 0, 
                "CurrentScore": 0, 
                "HitterNum": 0, 
                "Player ID": 0, 
                "PlayerScoreBar": 0, 
                "ScoreList": 10, 
                "camp": 0, 
                "score": 0
            }
        }, 
        "1828233275": {
            "variable_dict": {
                "FLOAT": {
                    "realDistance": 0.0
                }, 
                "PLAYER": {
                    "player": 0
                }, 
                "POINT": {
                    "pointUnit": {
                        "__tuple__": true, 
                        "items": [
                            0, 
                            0, 
                            0
                        ]
                    }
                }, 
                "PROJECTILE_ENTITY": {
                    "projectAim": 0
                }, 
                "PROJECTILE_GROUP": {
                    "projectGroup": []
                }, 
                "UNIT_ENTITY": {
                    "unit": 0
                }
            }, 
            "variable_length_dict": {
                "player": 0, 
                "pointUnit": 0, 
                "projectAim": 0, 
                "projectGroup": 0, 
                "realDistance": 0, 
                "unit": 0
            }
        }, 
        "1872433179": {
            "variable_dict": {
                "ITEM_ENTITY": {
                    "item": 0
                }, 
                "PLAYER": {
                    "player": 0
                }
            }, 
            "variable_length_dict": {
                "item": 0, 
                "player": 0
            }
        }, 
        "1962451002": {
            "variable_dict": {
                "PLAYER": {
                    "player": 0
                }
            }, 
            "variable_length_dict": {
                "player": 0
            }
        }, 
        "1962451010": {
            "variable_dict": {
                "FLOAT": {
                    "Distance": 0.0, 
                    "Orientation": 0.0
                }, 
                "POINT": {
                    "Point": {
                        "__tuple__": true, 
                        "items": [
                            0, 
                            0, 
                            0
                        ]
                    }
                }, 
                "PROJECTILE_ENTITY": {
                    "Snow ball": 0
                }
            }, 
            "variable_length_dict": {
                "Distance": 0, 
                "Orientation": 0, 
                "Point": 0, 
                "Snow ball": 0
            }
        }, 
        "2010271789": {
            "variable_dict": {
                "FLOAT": {
                    "dis": 0.0
                }, 
                "INTEGER": {
                    "i": 0, 
                    "tab_index": 0
                }, 
                "PLAYER": {
                    "player": 0
                }, 
                "UNIT_ENTITY": {
                    "store unit": 0
                }
            }, 
            "variable_length_dict": {
                "dis": 0, 
                "i": 0, 
                "player": 0, 
                "store unit": 0, 
                "tab_index": 0
            }
        }, 
        "2079805465": {
            "variable_dict": {
                "INTEGER": {
                    "Ci": 0, 
                    "Ri": 0, 
                    "cindex": 0, 
                    "i": 0, 
                    "rindex": 0
                }, 
                "NEW_TIMER": {
                    "t": -1
                }, 
                "PLAYER": {
                    "player": 0
                }, 
                "UNIT_ENTITY": {
                    "unit": 0
                }
            }, 
            "variable_length_dict": {
                "Ci": 0, 
                "Ri": 0, 
                "cindex": 0, 
                "i": 0, 
                "player": 0, 
                "rindex": 0, 
                "t": 0, 
                "unit": 0
            }
        }, 
        "2079891521": {
            "variable_dict": {
                "ABILITY": {}, 
                "ABILITY_NAME": {
                    "CurrentSkill": 0
                }, 
                "INTEGER": {
                    "ExistedSkillNum": 0, 
                    "Player ID": 0, 
                    "index": 0
                }, 
                "PLAYER": {
                    "player": 0
                }, 
                "UNIT_ENTITY": {
                    "unit": 0
                }
            }, 
            "variable_length_dict": {
                "CurrentSkill": 0, 
                "ExistedSkillNum": 0, 
                "Player ID": 0, 
                "index": 0, 
                "player": 0, 
                "unit": 0
            }
        }, 
        "2096668734": {
            "variable_dict": {
                "PLAYER": {
                    "player": 0
                }, 
                "UNIT_ENTITY": {
                    "unit": 0
                }
            }, 
            "variable_length_dict": {
                "player": 0, 
                "unit": 0
            }
        }, 
        "2145988684": {
            "variable_dict": {
                "ABILITY_NAME": {
                    "CurrentSkill": 0
                }, 
                "INTEGER": {
                    "ExistedSkillNum": 0, 
                    "Player ID": 0
                }, 
                "PLAYER": {
                    "player": 0
                }, 
                "UNIT_ENTITY": {
                    "unit": 0
                }
            }, 
            "variable_length_dict": {
                "CurrentSkill": 0, 
                "ExistedSkillNum": 0, 
                "Player ID": 0, 
                "player": 0, 
                "unit": 0
            }
        }
    }, 
    "variable_comments": {}, 
    "variable_dict": {
        "ABILITY_NAME": {
            "SkillList": 0
        }, 
        "BOOLEAN": {
            "BoolDebug": true
        }, 
        "INTEGER": {
            "GLOBAL_BAG_MAX_NUM": 0, 
            "Left": 0
        }, 
        "NEW_TIMER": {
            "AttackTimer1": null, 
            "AttackTimer2": null
        }, 
        "RANDOM_POOL": {
            "SkillPool": null
        }, 
        "SOUND_ENTITY": {
            "BGMList": 0
        }, 
        "TABLE": {
            "GameState": null, 
            "Score_Manager": null, 
            "Skill_UI_table": null, 
            "UI_Manager": null
        }, 
        "UNIT_ENTITY": {
            "Player Unit": null
        }, 
        "UNIT_NAME": {
            "AIHeroList": 0, 
            "HeroList": 0
        }
    }, 
    "variable_group_info": [
        {
            "__tuple__": true, 
            "items": [
                "UI_Manager", 
                "UI_Manager"
            ]
        }, 
        {
            "__tuple__": true, 
            "items": [
                "GLOBAL_BAG_MAX_NUM", 
                "GLOBAL_BAG_MAX_NUM"
            ]
        }, 
        {
            "__tuple__": true, 
            "items": [
                "Player Unit", 
                "Player Unit"
            ]
        }, 
        {
            "__tuple__": true, 
            "items": [
                "BoolDebug", 
                "BoolDebug"
            ]
        }, 
        {
            "__tuple__": true, 
            "items": [
                "Skill_UI_table", 
                "Skill_UI_table"
            ]
        }, 
        {
            "__tuple__": true, 
            "items": [
                "SkillList", 
                "SkillList"
            ]
        }, 
        {
            "__tuple__": true, 
            "items": [
                "SkillPool", 
                "SkillPool"
            ]
        }, 
        {
            "__tuple__": true, 
            "items": [
                "Score_Manager", 
                "Score_Manager"
            ]
        }, 
        {
            "__tuple__": true, 
            "items": [
                "GameState", 
                "GameState"
            ]
        }, 
        {
            "__tuple__": true, 
            "items": [
                "HeroList", 
                "HeroList"
            ]
        }, 
        {
            "__tuple__": true, 
            "items": [
                "Left", 
                "Left"
            ]
        }, 
        {
            "__tuple__": true, 
            "items": [
                "BGMList", 
                "BGMList"
            ]
        }, 
        {
            "__tuple__": true, 
            "items": [
                "AIHeroList", 
                "AIHeroList"
            ]
        }, 
        {
            "__tuple__": true, 
            "items": [
                "AttackTimer1", 
                "AttackTimer1"
            ]
        }, 
        {
            "__tuple__": true, 
            "items": [
                "AttackTimer2", 
                "AttackTimer2"
            ]
        }
    ], 
    "variable_length_dict": {
        "AIHeroList": 10, 
        "AttackTimer1": 0, 
        "AttackTimer2": 0, 
        "BGMList": 10, 
        "BoolDebug": 0, 
        "GLOBAL_BAG_MAX_NUM": 0, 
        "GameState": 0, 
        "HeroList": 10, 
        "Left": 0, 
        "Player Unit": 10, 
        "Score_Manager": 0, 
        "SkillList": 10, 
        "SkillPool": 0, 
        "Skill_UI_table": 0, 
        "UI_Manager": 0
    }
}