{
    "projectile": {
        "1": {
            "components": {
                "camp": {
                    "role_id": 32
                }, 
                "display": {
                    "real_scale": [
                        1.0, 
                        1.0, 
                        1.0
                    ]
                }, 
                "movement": {
                    "pitch": {
                        "__tuple__": true, 
                        "items": [
                            0, 
                            0
                        ]
                    }, 
                    "position": {
                        "__tuple__": true, 
                        "items": [
                            [
                                -17, 
                                1687101440
                            ], 
                            [
                                0, 
                                0
                            ], 
                            [
                                22, 
                                1349017600
                            ]
                        ]
                    }, 
                    "roll": {
                        "__tuple__": true, 
                        "items": [
                            0, 
                            0
                        ]
                    }, 
                    "yaw": {
                        "__tuple__": true, 
                        "items": [
                            0, 
                            0
                        ]
                    }
                }
            }, 
            "entity_id": 134260227, 
            "name": "\u56de\u8840\u9053\u5177", 
            "type": 64, 
            "unit_id": 1
        }, 
        "3": {
            "components": {
                "camp": {
                    "role_id": 32
                }, 
                "display": {
                    "real_scale": [
                        1.0, 
                        1.0, 
                        1.0
                    ]
                }, 
                "movement": {
                    "pitch": {
                        "__tuple__": true, 
                        "items": [
                            0, 
                            0
                        ]
                    }, 
                    "position": {
                        "__tuple__": true, 
                        "items": [
                            [
                                15, 
                                2301288448
                            ], 
                            [
                                0, 
                                0
                            ], 
                            [
                                -9, 
                                667787264
                            ]
                        ]
                    }, 
                    "roll": {
                        "__tuple__": true, 
                        "items": [
                            0, 
                            0
                        ]
                    }, 
                    "yaw": {
                        "__tuple__": true, 
                        "items": [
                            0, 
                            0
                        ]
                    }
                }
            }, 
            "entity_id": 134260227, 
            "name": "\u56de\u8840\u9053\u5177", 
            "type": 64, 
            "unit_id": 3
        }, 
        "4": {
            "components": {
                "camp": {
                    "role_id": 32
                }, 
                "display": {
                    "real_scale": [
                        1.0, 
                        1.0, 
                        1.0
                    ]
                }, 
                "movement": {
                    "pitch": {
                        "__tuple__": true, 
                        "items": [
                            0, 
                            0
                        ]
                    }, 
                    "position": {
                        "__tuple__": true, 
                        "items": [
                            [
                                -8, 
                                2722811904
                            ], 
                            [
                                0, 
                                0
                            ], 
                            [
                                4, 
                                1556811776
                            ]
                        ]
                    }, 
                    "roll": {
                        "__tuple__": true, 
                        "items": [
                            0, 
                            0
                        ]
                    }, 
                    "yaw": {
                        "__tuple__": true, 
                        "items": [
                            1, 
                            3473017315
                        ]
                    }
                }
            }, 
            "entity_id": 134236488, 
            "name": "\u62a4\u76fe\u9053\u5177", 
            "type": 64, 
            "unit_id": 4
        }, 
        "5": {
            "components": {
                "camp": {
                    "role_id": 32
                }, 
                "display": {
                    "real_scale": [
                        1.0, 
                        1.0, 
                        1.0
                    ]
                }, 
                "movement": {
                    "pitch": {
                        "__tuple__": true, 
                        "items": [
                            0, 
                            0
                        ]
                    }, 
                    "position": {
                        "__tuple__": true, 
                        "items": [
                            [
                                5, 
                                4271865856
                            ], 
                            [
                                0, 
                                0
                            ], 
                            [
                                26, 
                                2232451072
                            ]
                        ]
                    }, 
                    "roll": {
                        "__tuple__": true, 
                        "items": [
                            0, 
                            0
                        ]
                    }, 
                    "yaw": {
                        "__tuple__": true, 
                        "items": [
                            0, 
                            0
                        ]
                    }
                }
            }, 
            "entity_id": 134236488, 
            "name": "\u62a4\u76fe\u9053\u5177", 
            "type": 64, 
            "unit_id": 5
        }, 
        "6": {
            "components": {
                "camp": {
                    "role_id": 32
                }, 
                "display": {
                    "real_scale": [
                        1.0, 
                        1.0, 
                        1.0
                    ]
                }, 
                "movement": {
                    "pitch": {
                        "__tuple__": true, 
                        "items": [
                            0, 
                            0
                        ]
                    }, 
                    "position": {
                        "__tuple__": true, 
                        "items": [
                            [
                                4, 
                                1546405888
                            ], 
                            [
                                0, 
                                0
                            ], 
                            [
                                23, 
                                3297984512
                            ]
                        ]
                    }, 
                    "roll": {
                        "__tuple__": true, 
                        "items": [
                            0, 
                            0
                        ]
                    }, 
                    "yaw": {
                        "__tuple__": true, 
                        "items": [
                            0, 
                            0
                        ]
                    }
                }
            }, 
            "entity_id": 134257719, 
            "name": "\u6280\u80fd\u4e66\u9053\u5177", 
            "type": 64, 
            "unit_id": 6
        }, 
        "7": {
            "components": {
                "camp": {
                    "role_id": 32
                }, 
                "display": {
                    "real_scale": [
                        1.0, 
                        1.0, 
                        1.0
                    ]
                }, 
                "movement": {
                    "pitch": {
                        "__tuple__": true, 
                        "items": [
                            0, 
                            0
                        ]
                    }, 
                    "position": {
                        "__tuple__": true, 
                        "items": [
                            [
                                -9, 
                                1155948544
                            ], 
                            [
                                0, 
                                0
                            ], 
                            [
                                30, 
                                4128923648
                            ]
                        ]
                    }, 
                    "roll": {
                        "__tuple__": true, 
                        "items": [
                            0, 
                            0
                        ]
                    }, 
                    "yaw": {
                        "__tuple__": true, 
                        "items": [
                            0, 
                            0
                        ]
                    }
                }
            }, 
            "entity_id": 134257719, 
            "name": "\u6280\u80fd\u4e66\u9053\u5177", 
            "type": 64, 
            "unit_id": 7
        }, 
        "8": {
            "components": {
                "camp": {
                    "role_id": 32
                }, 
                "display": {
                    "real_scale": [
                        1.0, 
                        1.0, 
                        1.0
                    ]
                }, 
                "movement": {
                    "pitch": {
                        "__tuple__": true, 
                        "items": [
                            0, 
                            0
                        ]
                    }, 
                    "position": {
                        "__tuple__": true, 
                        "items": [
                            [
                                8, 
                                3112833024
                            ], 
                            [
                                0, 
                                0
                            ], 
                            [
                                -17, 
                                2925371392
                            ]
                        ]
                    }, 
                    "roll": {
                        "__tuple__": true, 
                        "items": [
                            0, 
                            0
                        ]
                    }, 
                    "yaw": {
                        "__tuple__": true, 
                        "items": [
                            0, 
                            0
                        ]
                    }
                }
            }, 
            "entity_id": 134257719, 
            "name": "\u6280\u80fd\u4e66\u9053\u5177", 
            "type": 64, 
            "unit_id": 8
        }, 
        "9": {
            "components": {
                "camp": {
                    "role_id": 32
                }, 
                "display": {
                    "real_scale": [
                        1.0, 
                        1.0, 
                        1.0
                    ]
                }, 
                "movement": {
                    "pitch": {
                        "__tuple__": true, 
                        "items": [
                            0, 
                            0
                        ]
                    }, 
                    "position": {
                        "__tuple__": true, 
                        "items": [
                            [
                                7, 
                                574013440
                            ], 
                            [
                                0, 
                                0
                            ], 
                            [
                                4, 
                                1539829760
                            ]
                        ]
                    }, 
                    "roll": {
                        "__tuple__": true, 
                        "items": [
                            -1, 
                            3689250890
                        ]
                    }, 
                    "yaw": {
                        "__tuple__": true, 
                        "items": [
                            0, 
                            2353138199
                        ]
                    }
                }
            }, 
            "entity_id": 134245358, 
            "name": "\u52a0\u901f\u9053\u5177", 
            "type": 64, 
            "unit_id": 9
        }, 
        "10": {
            "components": {
                "camp": {
                    "role_id": 32
                }, 
                "display": {
                    "real_scale": [
                        1.0, 
                        1.0, 
                        1.0
                    ]
                }, 
                "movement": {
                    "pitch": {
                        "__tuple__": true, 
                        "items": [
                            0, 
                            0
                        ]
                    }, 
                    "position": {
                        "__tuple__": true, 
                        "items": [
                            [
                                -8, 
                                2460502016
                            ], 
                            [
                                0, 
                                0
                            ], 
                            [
                                11, 
                                2580459520
                            ]
                        ]
                    }, 
                    "roll": {
                        "__tuple__": true, 
                        "items": [
                            0, 
                            0
                        ]
                    }, 
                    "yaw": {
                        "__tuple__": true, 
                        "items": [
                            0, 
                            0
                        ]
                    }
                }
            }, 
            "entity_id": 134245358, 
            "name": "\u52a0\u901f\u9053\u5177", 
            "type": 64, 
            "unit_id": 10
        }, 
        "11": {
            "components": {
                "camp": {
                    "role_id": 32
                }, 
                "display": {
                    "real_scale": [
                        1.0, 
                        1.0, 
                        1.0
                    ]
                }, 
                "movement": {
                    "pitch": {
                        "__tuple__": true, 
                        "items": [
                            0, 
                            0
                        ]
                    }, 
                    "position": {
                        "__tuple__": true, 
                        "items": [
                            [
                                -6, 
                                4196442112
                            ], 
                            [
                                0, 
                                0
                            ], 
                            [
                                -8, 
                                1059504128
                            ]
                        ]
                    }, 
                    "roll": {
                        "__tuple__": true, 
                        "items": [
                            0, 
                            0
                        ]
                    }, 
                    "yaw": {
                        "__tuple__": true, 
                        "items": [
                            0, 
                            0
                        ]
                    }
                }
            }, 
            "entity_id": 134257719, 
            "name": "\u6280\u80fd\u4e66\u9053\u5177", 
            "type": 64, 
            "unit_id": 11
        }
    }
}