{
    "unit": {
        "2": {
            "components": {
                "__attr": {
                    "hp_percent": 100, 
                    "level": 1, 
                    "mp_percent": 100
                }, 
                "ability": {
                    "1_1": [
                        201347498, 
                        1
                    ]
                }, 
                "camp": {
                    "role_id": 32
                }, 
                "display": {
                    "real_scale": [
                        1.0, 
                        1.0, 
                        1.0
                    ]
                }, 
                "drop_item": null, 
                "item": {}, 
                "movement": {
                    "pitch": {
                        "__tuple__": true, 
                        "items": [
                            0, 
                            0
                        ]
                    }, 
                    "position": {
                        "__tuple__": true, 
                        "items": [
                            [
                                -1, 
                                3221225472
                            ], 
                            [
                                0, 
                                0
                            ], 
                            [
                                8, 
                                3221225472
                            ]
                        ]
                    }, 
                    "roll": {
                        "__tuple__": true, 
                        "items": [
                            0, 
                            0
                        ]
                    }, 
                    "yaw": {
                        "__tuple__": true, 
                        "items": [
                            0, 
                            64466736
                        ]
                    }
                }
            }, 
            "entity_id": 134269075, 
            "name": "\u796d\u7940\u53f0", 
            "type": 2, 
            "unit_id": 2
        }
    }
}