{
    "$code_camp_referee": {
        "key": "$code_camp_referee", 
        "value": "Observer"
    }, 
    "$faction 1": {
        "key": "$faction 1", 
        "value": "Faction 1"
    }, 
    "$faction 2": {
        "key": "$faction 2", 
        "value": "Faction 2"
    }, 
    "$faction 9999": {
        "key": "$faction 9999", 
        "value": "Neutral"
    }, 
    "$player 1": {
        "key": "$player 1", 
        "value": "Player 1"
    }, 
    "$player 2": {
        "key": "$player 2", 
        "value": "Player 2"
    }, 
    "$player 3": {
        "key": "$player 3", 
        "value": "Player 3"
    }, 
    "$player 31": {
        "key": "$player 31", 
        "value": "Neutral Hostile"
    }, 
    "$player 32": {
        "key": "$player 32", 
        "value": "Neutral Friendly"
    }, 
    "$player 4": {
        "key": "$player 4", 
        "value": "Player 4"
    }
}