{
    "-2145856855": {
        "key": -2145856855, 
        "value": "\u521b\u5efa\u4e00\u4e2a\u65b0\u7684\u88c5\u9970\u7269"
    }, 
    "-2145728719": {
        "key": -2145728719, 
        "value": "\u521b\u5efa\u4e00\u4e2a\u65b0\u7684\u88c5\u9970\u7269"
    }, 
    "-2141024506": {
        "key": -2141024506, 
        "value": "\u51b0\u83b2\u66f2\uff08AI\uff09"
    }, 
    "-2116725177": {
        "key": -2116725177, 
        "value": "<html><body><p>\u7729\u6655\u72b6\u6001</p></body></html>"
    }, 
    "-2116291882": {
        "key": -2116291882, 
        "value": "\u77f3\u78161"
    }, 
    "-2110264613": {
        "key": -2110264613, 
        "value": "\u8352-\u4eba\u673a"
    }, 
    "-2105105731": {
        "key": -2105105731, 
        "value": "\u521b\u5efa\u4e00\u4e2a\u65b0\u7684\u88c5\u9970\u7269"
    }, 
    "-2094955134": {
        "key": -2094955134, 
        "value": "\u521b\u5efa\u4e00\u4e2a\u65b0\u7684\u88c5\u9970\u7269"
    }, 
    "-2089642906": {
        "key": -2089642906, 
        "value": "\u8def\u706f1"
    }, 
    "-2087938106": {
        "key": -2087938106, 
        "value": "<html><body><p>\u6280\u80fd\u6a21\u677f1\u7684\u63cf\u8ff0</p></body></html>"
    }, 
    "-2051578592": {
        "key": -2051578592, 
        "value": "\u521b\u5efa\u4e00\u4e2a\u65b0\u7684\u88c5\u9970\u7269"
    }, 
    "-2031873202": {
        "key": -2031873202, 
        "value": "\u521b\u5efa\u4e00\u4e2a\u65b0\u7684\u88c5\u9970\u7269"
    }, 
    "-2031646215": {
        "key": -2031646215, 
        "value": "\u8fd9\u662f\u4e00\u4e2a\u7269\u54c1"
    }, 
    "-2028145215": {
        "key": -2028145215, 
        "value": "\u521b\u5efa\u4e00\u4e2a\u65b0\u7684\u88c5\u9970\u7269"
    }, 
    "-2008841193": {
        "key": -2008841193, 
        "value": "\u521b\u5efa\u4e00\u4e2a\u65b0\u7684\u88c5\u9970\u7269"
    }, 
    "-2008242619": {
        "key": -2008242619, 
        "value": "\u5730\u677f2\n"
    }, 
    "-2005845157": {
        "key": -2005845157, 
        "value": "\u521b\u5efa\u4e00\u4e2a\u65b0\u7684\u88c5\u9970\u7269"
    }, 
    "-2004084121": {
        "key": -2004084121, 
        "value": "\u96ea\u5973"
    }, 
    "-1983148869": {
        "key": -1983148869, 
        "value": "\u8bf1\u654c"
    }, 
    "-1969868166": {
        "key": -1969868166, 
        "value": "\u7bad\u96e8"
    }, 
    "-1962624063": {
        "key": -1962624063, 
        "value": "\u56f4\u58999"
    }, 
    "-1948075562": {
        "key": -1948075562, 
        "value": "\u521b\u5efa\u4e00\u4e2a\u65b0\u7684\u88c5\u9970\u7269"
    }, 
    "-1937257869": {
        "key": -1937257869, 
        "value": "\u521b\u5efa\u4e00\u4e2a\u65b0\u7684\u88c5\u9970\u7269"
    }, 
    "-1935769355": {
        "key": -1935769355, 
        "value": "\u796d\u53f0"
    }, 
    "-1904738938": {
        "key": -1904738938, 
        "value": "\u5730\u6bef3"
    }, 
    "-1894087126": {
        "key": -1894087126, 
        "value": "\u521b\u5efa\u4e00\u4e2a\u65b0\u7684\u88c5\u9970\u7269"
    }, 
    "-1887820479": {
        "key": -1887820479, 
        "value": "\u810f\u8ff9"
    }, 
    "-1886326038": {
        "key": -1886326038, 
        "value": "\u521b\u5efa\u4e00\u4e2a\u65b0\u7684\u88c5\u9970\u7269"
    }, 
    "-1884807809": {
        "key": -1884807809, 
        "value": "\u521b\u5efa\u4e00\u4e2a\u65b0\u7684\u88c5\u9970\u7269"
    }, 
    "-1872782353": {
        "key": -1872782353, 
        "value": "\u56f4\u58994"
    }, 
    "-1866893480": {
        "key": -1866893480, 
        "value": "\u5c71\u77f32"
    }, 
    "-1863835460": {
        "key": -1863835460, 
        "value": "\u684c\u5b507"
    }, 
    "-1853832637": {
        "key": -1853832637, 
        "value": "<html><body><p>\u5c5e\u6027\uff1a\u51b0\u3002\u5411\u76ee\u6807\u5730\u70b9\u629b\u51fa\u4e00\u6735\u51b0\u83b2\u82b1\uff0c\u7206\u70b8\u540e\u5bf9\u8303\u56f4\u5185\u654c\u519b\u9020\u621090\u70b9\u4f24\u5bb3\u5e76\u964d\u4f4e\u517615%\u79fb\u52a8\u901f\u5ea6\uff0c\u6301\u7eed2\u79d2\u3002</p></body></html>"
    }, 
    "-1825979016": {
        "key": -1825979016, 
        "value": "\u521b\u5efa\u4e00\u4e2a\u65b0\u7684\u88c5\u9970\u7269"
    }, 
    "-1825314102": {
        "key": -1825314102, 
        "value": "\u56f4\u58992"
    }, 
    "-1823996118": {
        "key": -1823996118, 
        "value": "\u5f3a\u5f13\u7bad\u77e2"
    }, 
    "-1804008691": {
        "key": -1804008691, 
        "value": "<html><body><p>\u5c5e\u6027\uff1a\u706b\u3002\u653e\u51fa\u4e09\u9053\u58f0\u6ce2\u4ee5\u81ea\u8eab\u4e3a\u5706\u5fc3\u5411\u5916\u6269\u6563\uff0c\u6bcf\u9053\u58f0\u6ce2\u5bf9\u6218\u573a\u4e0a\u6240\u6709\u654c\u65b9\u82f1\u96c4\u9020\u621060\u70b9\u4f24\u5bb3\uff0c\u5e76\u4e14\u964d\u4f4e\u76ee\u680725%\u7684\u79fb\u52a8\u901f\u5ea6\uff0c\u6301\u7eed1\u79d2\u3002\u5bf9\u547d\u4e2d\u7684\u7b2c6\u4e2a\u4ee5\u540e\u7684\u5355\u4f4d\u53ea\u9020\u621030%\u4f24\u5bb3\u3002</p></body></html>"
    }, 
    "-1785565149": {
        "key": -1785565149, 
        "value": "\u684c\u5b504"
    }, 
    "-1781027600": {
        "key": -1781027600, 
        "value": "<html><body><p>\u5c5e\u6027\uff1a\u98ce\u3002\u4f7f\u654c\u4eba\u79fb\u52a8\u901f\u5ea6\u964d\u4f4e20%\uff0c\u6301\u7eed2\u79d2\uff0c\u5e76\u6709\u4e00\u5b9a\u6982\u7387\u5c06\u654c\u4eba\u7275\u5f15\u81f3\u9762\u524d\u3002</p></body></html>"
    }, 
    "-1778042878": {
        "key": -1778042878, 
        "value": "\u79fb\u901f\u964d\u4f4e"
    }, 
    "-1775248164": {
        "key": -1775248164, 
        "value": "\u8def\u706f8"
    }, 
    "-1772964453": {
        "key": -1772964453, 
        "value": "\u684c\u5b508"
    }, 
    "-1759875128": {
        "key": -1759875128, 
        "value": "<html><body><p>\u6295\u5c04\u7269\u63cf\u8ff0</p></body></html>"
    }, 
    "-1755510834": {
        "key": -1755510834, 
        "value": "<html><body><p>\u5c5e\u6027\uff1a\u6797\u3002\u5728\u539f\u5730\u53ec\u5524\u4e00\u4e2a\u5c01\u9b54\u76fe\u5438\u6536\u8303\u56f4\u5185\u53cb\u519b\u53d7\u5230\u7684100\u70b9\u4f24\u5bb3\uff0c\u6301\u7eed4\u79d2\u3002\u5728\u5c01\u9b54\u76fe\u8303\u56f4\u5185\u7684\u6280\u80fd\u91ca\u653e\u8005\u7684\u79fb\u52a8\u901f\u5ea6\u63d0\u534735%\uff0c\u5e76\u4e14\u514d\u75ab\u63a7\u5236\u6548\u679c\u3002</p></body></html>"
    }, 
    "-1741054440": {
        "key": -1741054440, 
        "value": "\u521b\u5efa\u4e00\u4e2a\u65b0\u7684\u88c5\u9970\u7269"
    }, 
    "-1739140287": {
        "key": -1739140287, 
        "value": "\u8def\u706f10"
    }, 
    "-1731117599": {
        "key": -1731117599, 
        "value": "\u521b\u5efa\u4e00\u4e2a\u65b0\u7684\u88c5\u9970\u7269"
    }, 
    "-1729546984": {
        "key": -1729546984, 
        "value": "\u677e\u68112"
    }, 
    "-1713698103": {
        "key": -1713698103, 
        "value": "\u521b\u5efa\u4e00\u4e2a\u65b0\u7684\u88c5\u9970\u7269"
    }, 
    "-1710945814": {
        "key": -1710945814, 
        "value": "\u521b\u5efa\u65b0\u6295\u5c04\u7269"
    }, 
    "-1710819991": {
        "key": -1710819991, 
        "value": "\u521b\u5efa\u4e00\u4e2a\u65b0\u7684\u88c5\u9970\u7269"
    }, 
    "-1698693030": {
        "key": -1698693030, 
        "value": "\u521b\u5efa\u4e00\u4e2a\u65b0\u7684\u88c5\u9970\u7269"
    }, 
    "-1677149479": {
        "key": -1677149479, 
        "value": "\u521b\u5efa\u4e00\u4e2a\u65b0\u7684\u88c5\u9970\u7269"
    }, 
    "-1675588152": {
        "key": -1675588152, 
        "value": "\u521b\u5efa\u4e00\u4e2a\u65b0\u7684\u88c5\u9970\u7269"
    }, 
    "-1634936420": {
        "key": -1634936420, 
        "value": "\u8721\u70db1"
    }, 
    "-1619554578": {
        "key": -1619554578, 
        "value": "\u9053\u51772"
    }, 
    "-1598537662": {
        "key": -1598537662, 
        "value": "\u516c\u544a\u680f"
    }, 
    "-1588244933": {
        "key": -1588244933, 
        "value": "\u96ea\u5f71\u51b0\u5c01"
    }, 
    "-1583615693": {
        "key": -1583615693, 
        "value": "\u7ec8\u6781\u5bf9\u51b3BGM"
    }, 
    "-1573038123": {
        "key": -1573038123, 
        "value": "\u521b\u5efa\u65b0\u58f0\u97f3"
    }, 
    "-1562154365": {
        "key": -1562154365, 
        "value": "\u521b\u5efa\u4e00\u4e2a\u65b0\u7684\u88c5\u9970\u7269"
    }, 
    "-1558979764": {
        "key": -1558979764, 
        "value": "\u521b\u5efa\u4e00\u4e2a\u65b0\u7684\u88c5\u9970\u7269"
    }, 
    "-1558714447": {
        "key": -1558714447, 
        "value": "<html><body><p>\u6bcf\u79d2\u6301\u7eed\u70e7\u4f24</p></body></html>"
    }, 
    "-1552454013": {
        "key": -1552454013, 
        "value": "\u5c71\u77f33"
    }, 
    "-1541038075": {
        "key": -1541038075, 
        "value": "\u516c\u544a\u680f1"
    }, 
    "-1521665770": {
        "key": -1521665770, 
        "value": "<html><body><p>\u6bcf\u79d2\u6301\u7eed\u70e7\u4f24</p></body></html>"
    }, 
    "-1520384875": {
        "key": -1520384875, 
        "value": "<html><body><p>\u5c5e\u6027\uff1a\u706b\u3002\u5411\u6307\u5b9a\u533a\u57df\u91ca\u653e\u7bad\u96e8\uff0c\u5bf9\u8303\u56f4\u5185\u654c\u4eba\u9020\u621065\u70b9\u4f24\u5bb3\uff0c\u9644\u5e2625%\u51cf\u901f\u6548\u679c\uff0c\u6301\u7eed2.5\u79d2\u3002</p></body></html>"
    }, 
    "-1494435814": {
        "key": -1494435814, 
        "value": "\u8349\u58065"
    }, 
    "-1490913626": {
        "key": -1490913626, 
        "value": "\u521b\u5efa\u4e00\u4e2a\u65b0\u7684\u88c5\u9970\u7269"
    }, 
    "-1488129083": {
        "key": -1488129083, 
        "value": "\u91ce\u602a1"
    }, 
    "-1479163926": {
        "key": -1479163926, 
        "value": "<html><body><p>\u56de\u8840\u9053\u5177\uff0c\u5931\u53bb\u73a9\u5bb63\u79d2\u5185\uff0c\u6bcf\u79d2\u56de\u590d90\u70b9\u8840\u3002</p></body></html>"
    }, 
    "-1479018593": {
        "key": -1479018593, 
        "value": "\u83496"
    }, 
    "-1470072644": {
        "key": -1470072644, 
        "value": "\u56f4\u58995"
    }, 
    "-1454088141": {
        "key": -1454088141, 
        "value": "thunder"
    }, 
    "-1436429915": {
        "key": -1436429915, 
        "value": "\u516c\u544a\u680f2"
    }, 
    "-1431908638": {
        "key": -1431908638, 
        "value": "\u521b\u5efa\u4e00\u4e2a\u65b0\u7684\u88c5\u9970\u7269"
    }, 
    "-1406168761": {
        "key": -1406168761, 
        "value": "\u521b\u5efa\u65b0\u58f0\u97f3"
    }, 
    "-1383264595": {
        "key": -1383264595, 
        "value": "\u5e73\u65f6BGM"
    }, 
    "-1373708393": {
        "key": -1373708393, 
        "value": "\u56f4\u58993"
    }, 
    "-1373041786": {
        "key": -1373041786, 
        "value": "<html><body><p>\u6280\u80fd\u6a21\u677f1\u7684\u63cf\u8ff0</p></body></html>"
    }, 
    "-1355415409": {
        "key": -1355415409, 
        "value": "\u609f\u7a7a"
    }, 
    "-1346487088": {
        "key": -1346487088, 
        "value": "\u653b\u51fb2"
    }, 
    "-1328099662": {
        "key": -1328099662, 
        "value": "\u521b\u5efa\u4e00\u4e2a\u65b0\u7684\u88c5\u9970\u7269"
    }, 
    "-1317322821": {
        "key": -1317322821, 
        "value": "\u521b\u5efa\u4e00\u4e2a\u65b0\u7684\u88c5\u9970\u7269"
    }, 
    "-1296889797": {
        "key": -1296889797, 
        "value": "\u521b\u5efa\u4e00\u4e2a\u65b0\u7684\u88c5\u9970\u7269"
    }, 
    "-1280113272": {
        "key": -1280113272, 
        "value": "\u521b\u5efa\u4e00\u4e2a\u65b0\u7684\u88c5\u9970\u7269"
    }, 
    "-1277956296": {
        "key": -1277956296, 
        "value": "\u521b\u5efa\u4e00\u4e2a\u65b0\u7684\u88c5\u9970\u7269"
    }, 
    "-1268951049": {
        "key": -1268951049, 
        "value": "\u521b\u5efa\u65b0\u6295\u5c04\u7269"
    }, 
    "-1255610507": {
        "key": -1255610507, 
        "value": "\u56f4\u589911"
    }, 
    "-1227955229": {
        "key": -1227955229, 
        "value": "\u8def\u68072"
    }, 
    "-1225857133": {
        "key": -1225857133, 
        "value": "\u653b\u51fb3"
    }, 
    "-1224055010": {
        "key": -1224055010, 
        "value": "\u5f20 \u89d2"
    }, 
    "-1219530788": {
        "key": -1219530788, 
        "value": "\u5750\u57ab5"
    }, 
    "-1212280289": {
        "key": -1212280289, 
        "value": "\u684c\u5b509"
    }, 
    "-1195793475": {
        "key": -1195793475, 
        "value": "\u521b\u5efa\u4e00\u4e2a\u65b0\u7684\u88c5\u9970\u7269"
    }, 
    "-1194275451": {
        "key": -1194275451, 
        "value": "\u6811\u67282"
    }, 
    "-1186464317": {
        "key": -1186464317, 
        "value": "\u521b\u5efa\u4e00\u4e2a\u65b0\u7684\u88c5\u9970\u7269"
    }, 
    "-1165248403": {
        "key": -1165248403, 
        "value": "\u521b\u5efa\u4e00\u4e2a\u65b0\u7684\u88c5\u9970\u7269"
    }, 
    "-1163658469": {
        "key": -1163658469, 
        "value": "\u521b\u5efa\u4e00\u4e2a\u65b0\u7684\u88c5\u9970\u7269"
    }, 
    "-1153409660": {
        "key": -1153409660, 
        "value": "\u8def\u706f7"
    }, 
    "-1145043240": {
        "key": -1145043240, 
        "value": "\u7729\u6655"
    }, 
    "-1139483116": {
        "key": -1139483116, 
        "value": "\u521b\u5efa\u4e00\u4e2a\u65b0\u7684\u88c5\u9970\u7269"
    }, 
    "-1131488315": {
        "key": -1131488315, 
        "value": "<html><body><p><br /></p></body></html>"
    }, 
    "-1123264967": {
        "key": -1123264967, 
        "value": "\u666e\u901a\u653b\u51fb\uff08\u53d1\u5c04\u9b54\u6cd5\u7403\uff09AI\u4f7f\u7528"
    }, 
    "-1117704934": {
        "key": -1117704934, 
        "value": "\u521b\u5efa\u4e00\u4e2a\u65b0\u7684\u88c5\u9970\u7269"
    }, 
    "-1115203488": {
        "key": -1115203488, 
        "value": "\u5730\u677f7\n"
    }, 
    "-1109487408": {
        "key": -1109487408, 
        "value": "\u5996\u5200\u59ec"
    }, 
    "-1102357547": {
        "key": -1102357547, 
        "value": "\u521b\u5efa\u4e00\u4e2a\u65b0\u7684\u88c5\u9970\u7269"
    }, 
    "-1093472799": {
        "key": -1093472799, 
        "value": "<html><body><p>\u5c5e\u6027\uff1a\u51b0\u3002\u5411\u524d\u65b9\u91ca\u653e\u5bd2\u51b0\u8def\u5f84\uff0c\u5bf9\u78b0\u89e6\u5230\u7684\u654c\u4eba\u9020\u62101.5\u79d2\u7684\u51b0\u51bb\u6548\u679c(\u540c\u4e00\u5355\u4f4d\u53ea\u4f1a\u88ab\u51b0\u51bb\u4e00\u6b21)\uff0c\u5728\u8def\u5f84\u4e0a\u7684\u654c\u4eba\u6bcf\u79d2\u53d7\u523060/95/130(+\u6cd5\u672f\u653b\u51fb*0.35)\u70b9\u6cd5\u672f\u4f24\u5bb3\u5e76\u964d\u4f4e30%/45%/60%\u7684\u79fb\u52a8\u901f\u5ea6\uff0c\u51b0\u8def\u6301\u7eed6\u79d2\u3002</p></body></html>"
    }, 
    "-1092867523": {
        "key": -1092867523, 
        "value": "\u521b\u5efa\u4e00\u4e2a\u65b0\u7684\u88c5\u9970\u7269"
    }, 
    "-1085381032": {
        "key": -1085381032, 
        "value": "\u521b\u5efa\u4e00\u4e2a\u65b0\u7684\u88c5\u9970\u7269"
    }, 
    "-1080272779": {
        "key": -1080272779, 
        "value": "\u521b\u5efa\u4e00\u4e2a\u65b0\u7684\u88c5\u9970\u7269"
    }, 
    "-1059201996": {
        "key": -1059201996, 
        "value": "\u8fd9\u662f\u4e00\u4e2a\u666e\u901a\u9b54\u6cd5\u6548\u679c\uff0c\u83b7\u5f97\u76f8\u540c\u7684\u9b54\u6cd5\u6548\u679c\u65f6\u4f1a\u88ab\u8986\u76d6\uff0c\u4e0d\u53ef\u53e0\u52a0\u5c42\u6570"
    }, 
    "-1057528736": {
        "key": -1057528736, 
        "value": "\u9053\u51779"
    }, 
    "-1048860384": {
        "key": -1048860384, 
        "value": "\u8fd9\u662f\u4e00\u4e2a\u751f\u7269"
    }, 
    "-1047301868": {
        "key": -1047301868, 
        "value": "\u53ef\u7834\u574f\u5899\u4f53"
    }, 
    "-1030721487": {
        "key": -1030721487, 
        "value": "\u9053\u517714"
    }, 
    "-1012429717": {
        "key": -1012429717, 
        "value": "\u52a0\u901f\uff0840%\uff09"
    }, 
    "-985475241": {
        "key": -985475241, 
        "value": "-985475241"
    }, 
    "-971997604": {
        "key": -971997604, 
        "value": "-971997604"
    }, 
    "-963440438": {
        "key": -963440438, 
        "value": "\u67dc\u5b504"
    }, 
    "-956584667": {
        "key": -956584667, 
        "value": "\u521b\u5efa\u4e00\u4e2a\u65b0\u7684\u88c5\u9970\u7269"
    }, 
    "-948247119": {
        "key": -948247119, 
        "value": "\u521b\u5efa\u65b0\u6295\u5c04\u7269"
    }, 
    "-946785060": {
        "key": -946785060, 
        "value": "\u521b\u5efa\u4e00\u4e2a\u65b0\u7684\u88c5\u9970\u7269"
    }, 
    "-937099476": {
        "key": -937099476, 
        "value": "\u5750\u57ab2"
    }, 
    "-922884394": {
        "key": -922884394, 
        "value": "\u521b\u5efa\u4e00\u4e2a\u65b0\u7684\u88c5\u9970\u7269"
    }, 
    "-916905787": {
        "key": -916905787, 
        "value": "\u521b\u5efa\u4e00\u4e2a\u65b0\u7684\u88c5\u9970\u7269"
    }, 
    "-881225142": {
        "key": -881225142, 
        "value": "\u521b\u5efa\u4e00\u4e2a\u65b0\u7684\u88c5\u9970\u7269"
    }, 
    "-878370861": {
        "key": -878370861, 
        "value": "\u6295\u5c04\u7269\u63cf\u8ff0"
    }, 
    "-871936239": {
        "key": -871936239, 
        "value": "<html><body><p>\u6295\u5c04\u7269\u63cf\u8ff0</p></body></html>"
    }, 
    "-858467189": {
        "key": -858467189, 
        "value": "\u82b1\u83491"
    }, 
    "-841337848": {
        "key": -841337848, 
        "value": "\u521b\u5efa\u4e00\u4e2a\u65b0\u7684\u88c5\u9970\u7269"
    }, 
    "-840639593": {
        "key": -840639593, 
        "value": "<html><body><p>\u65e0\u6cd5\u79fb\u52a8</p></body></html>"
    }, 
    "-839657399": {
        "key": -839657399, 
        "value": "BossAbility1"
    }, 
    "-832587746": {
        "key": -832587746, 
        "value": "\u56f4\u589917"
    }, 
    "-829228033": {
        "key": -829228033, 
        "value": "\u7bb1\u5b50"
    }, 
    "-828932128": {
        "key": -828932128, 
        "value": "\u9053\u51771"
    }, 
    "-823985582": {
        "key": -823985582, 
        "value": "\u96d5\u50cf1"
    }, 
    "-823970564": {
        "key": -823970564, 
        "value": "\u5f15\u96f7\u672f\uff08AI\uff09"
    }, 
    "-820204129": {
        "key": -820204129, 
        "value": "\u7bad\u96e8\uff08AI\uff09"
    }, 
    "-814499300": {
        "key": -814499300, 
        "value": "\u5750\u57ab3"
    }, 
    "-812674184": {
        "key": -812674184, 
        "value": "\u521b\u5efa\u4e00\u4e2a\u65b0\u7684\u88c5\u9970\u7269"
    }, 
    "-792556703": {
        "key": -792556703, 
        "value": "\u5730\u677f3\n"
    }, 
    "-789141339": {
        "key": -789141339, 
        "value": "\u8349\u58061"
    }, 
    "-788351044": {
        "key": -788351044, 
        "value": "\u521b\u5efa\u65b0\u58f0\u97f3"
    }, 
    "-783067666": {
        "key": -783067666, 
        "value": "<html><body><p>\u5c5e\u6027\uff1a\u6797\u3002\u5411\u524d\u7a81\u523a\u4e00\u6bb5\u8ddd\u79bb\uff08\u9047\u5230\u969c\u788d\u7269\u4f1a\u505c\u6b62\uff09\uff0c\u5e76\u9020\u6210100\u70b9\u4f24\u5bb3\u3002</p></body></html>"
    }, 
    "-765743118": {
        "key": -765743118, 
        "value": "-765743118"
    }, 
    "-759912446": {
        "key": -759912446, 
        "value": "<html><body><p>\u6295\u5c04\u7269\u63cf\u8ff0</p></body></html>"
    }, 
    "-737313084": {
        "key": -737313084, 
        "value": "<html><body><p>\u96ea\u5973-\u4eba\u673a</p></body></html>"
    }, 
    "-712541897": {
        "key": -712541897, 
        "value": "\u7cbe\u9510\u9ec4\u5dfe\u957f\u77db\u5175"
    }, 
    "-703273398": {
        "key": -703273398, 
        "value": "\u5750\u57ab1"
    }, 
    "-698744160": {
        "key": -698744160, 
        "value": "\u5bd2\u51b0\u4e4b\u8def\uff08AI\uff09"
    }, 
    "-696438997": {
        "key": -696438997, 
        "value": "\u684c\u5b501"
    }, 
    "-676794241": {
        "key": -676794241, 
        "value": "<html><body><p>\u5c5e\u6027\uff1a\u51b0\u3002\u5411\u76ee\u6807\u5730\u70b9\u629b\u51fa\u4e00\u6735\u51b0\u83b2\u82b1\uff0c\u7206\u70b8\u540e\u5bf9\u8303\u56f4\u5185\u654c\u519b\u9020\u621090\u70b9\u4f24\u5bb3\u5e76\u964d\u4f4e\u517615%\u79fb\u52a8\u901f\u5ea6\uff0c\u6301\u7eed2\u79d2\u3002</p></body></html>"
    }, 
    "-676393060": {
        "key": -676393060, 
        "value": "-676393060"
    }, 
    "-646013496": {
        "key": -646013496, 
        "value": "\u56de\u8840\u9053\u5177"
    }, 
    "-637560059": {
        "key": -637560059, 
        "value": "\u98de\u884c\u533a"
    }, 
    "-622755274": {
        "key": -622755274, 
        "value": "\u9053\u517712"
    }, 
    "-614465639": {
        "key": -614465639, 
        "value": "\u521b\u5efa\u4e00\u4e2a\u65b0\u7684\u88c5\u9970\u7269"
    }, 
    "-611639399": {
        "key": -611639399, 
        "value": "\u51b0\u83b2\u66f2"
    }, 
    "-607943326": {
        "key": -607943326, 
        "value": "\u521b\u5efa\u4e00\u4e2a\u65b0\u7684\u88c5\u9970\u7269"
    }, 
    "-605255190": {
        "key": -605255190, 
        "value": "\u56f4\u58997"
    }, 
    "-602601207": {
        "key": -602601207, 
        "value": "\u521b\u5efa\u4e00\u4e2a\u65b0\u7684\u88c5\u9970\u7269"
    }, 
    "-593026409": {
        "key": -593026409, 
        "value": "\u77f3\u78163"
    }, 
    "-588230025": {
        "key": -588230025, 
        "value": "\u521b\u5efa\u4e00\u4e2a\u65b0\u7684\u88c5\u9970\u7269"
    }, 
    "-586588193": {
        "key": -586588193, 
        "value": "\u56f4\u589912"
    }, 
    "-580147810": {
        "key": -580147810, 
        "value": "\u521b\u5efa\u4e00\u4e2a\u65b0\u7684\u88c5\u9970\u7269"
    }, 
    "-556733918": {
        "key": -556733918, 
        "value": "\u7269\u54c1C"
    }, 
    "-553234711": {
        "key": -553234711, 
        "value": "\u82b1\u83494"
    }, 
    "-547400079": {
        "key": -547400079, 
        "value": "\u521b\u5efa\u4e00\u4e2a\u65b0\u7684\u88c5\u9970\u7269"
    }, 
    "-537795104": {
        "key": -537795104, 
        "value": "\u521b\u5efa\u4e00\u4e2a\u65b0\u7684\u88c5\u9970\u7269"
    }, 
    "-522847524": {
        "key": -522847524, 
        "value": "\u521b\u5efa\u4e00\u4e2a\u65b0\u7684\u88c5\u9970\u7269"
    }, 
    "-519801972": {
        "key": -519801972, 
        "value": "\u521b\u5efa\u4e00\u4e2a\u65b0\u7684\u88c5\u9970\u7269"
    }, 
    "-509368047": {
        "key": -509368047, 
        "value": "-509368047"
    }, 
    "-503114728": {
        "key": -503114728, 
        "value": "\u56f4\u589915\n"
    }, 
    "-473849393": {
        "key": -473849393, 
        "value": "\u521b\u5efa\u4e00\u4e2a\u65b0\u7684\u88c5\u9970\u7269"
    }, 
    "-472814508": {
        "key": -472814508, 
        "value": "\u521b\u5efa\u4e00\u4e2a\u65b0\u7684\u88c5\u9970\u7269"
    }, 
    "-470708703": {
        "key": -470708703, 
        "value": "\u8336\u51e01"
    }, 
    "-445796659": {
        "key": -445796659, 
        "value": "\u906e\u9633\u4f1e"
    }, 
    "-432601403": {
        "key": -432601403, 
        "value": "\u4eba\u7c7b_\u6b7b\u4ea1_\u8bed\u97f3_Nd_02"
    }, 
    "-421775446": {
        "key": -421775446, 
        "value": "<html><body><p>\u62a4\u76fe\u9053\u5177\uff0c\u62fe\u53d6\u73a9\u5bb6\u83b7\u5f97\u62a4\u76fe3\u79d2\uff0c\u6301\u6709\u62a4\u76fe\u671f\u95f4\u514d\u75ab\u654c\u65b9\u666e\u901a\u653b\u51fb\u9020\u6210\u7684\u4f24\u5bb3\u3002</p></body></html>"
    }, 
    "-403210406": {
        "key": -403210406, 
        "value": "\u521b\u5efa\u4e00\u4e2a\u65b0\u7684\u88c5\u9970\u7269"
    }, 
    "-400466278": {
        "key": -400466278, 
        "value": "\u8349\u58062"
    }, 
    "-395698285": {
        "key": -395698285, 
        "value": "\u514d\u4f24"
    }, 
    "-395444443": {
        "key": -395444443, 
        "value": "\u521b\u5efa\u65b0\u6295\u5c04\u7269"
    }, 
    "-394127761": {
        "key": -394127761, 
        "value": "\u521b\u5efa\u4e00\u4e2a\u65b0\u7684\u88c5\u9970\u7269"
    }, 
    "-388414250": {
        "key": -388414250, 
        "value": "\u8fd9\u662f\u4e00\u4e2a\u666e\u901a\u9b54\u6cd5\u6548\u679c\uff0c\u83b7\u5f97\u76f8\u540c\u7684\u9b54\u6cd5\u6548\u679c\u65f6\u4f1a\u88ab\u8986\u76d6\uff0c\u4e0d\u53ef\u53e0\u52a0\u5c42\u6570"
    }, 
    "-387209532": {
        "key": -387209532, 
        "value": "\u52a0\u901f\u9053\u5177"
    }, 
    "-383027763": {
        "key": -383027763, 
        "value": "SnowAbility2"
    }, 
    "-378856134": {
        "key": -378856134, 
        "value": "\u5c01\u9b54\u76fe"
    }, 
    "-350980042": {
        "key": -350980042, 
        "value": "\u666e\u901a\u653b\u51fb\uff08\u53d1\u5c04\u9b54\u6cd5\u7403\uff09"
    }, 
    "-350595694": {
        "key": -350595694, 
        "value": "\u521b\u5efa\u4e00\u4e2a\u65b0\u7684\u88c5\u9970\u7269"
    }, 
    "-329049049": {
        "key": -329049049, 
        "value": "\u98de\u884c\u4e95"
    }, 
    "-328825958": {
        "key": -328825958, 
        "value": "\u8fd9\u662f\u4e00\u4e2a\u82f1\u96c4"
    }, 
    "-327527186": {
        "key": -327527186, 
        "value": "<html><body><p>\u65e0\u6cd5\u91ca\u653e\u6280\u80fd</p></body></html>"
    }, 
    "-327011948": {
        "key": -327011948, 
        "value": "\u8721\u70db2"
    }, 
    "-297435673": {
        "key": -297435673, 
        "value": "\u7981\u9522"
    }, 
    "-296363775": {
        "key": -296363775, 
        "value": "\u796d\u7940\u53f0"
    }, 
    "-285009119": {
        "key": -285009119, 
        "value": "\u521b\u5efa\u4e00\u4e2a\u65b0\u7684\u88c5\u9970\u7269"
    }, 
    "-267557891": {
        "key": -267557891, 
        "value": "\u6280\u80fd\u6a21\u677f1\u7684\u63cf\u8ff0"
    }, 
    "-267428322": {
        "key": -267428322, 
        "value": "\u52a0\u8840100\u70b9"
    }, 
    "-243749015": {
        "key": -243749015, 
        "value": "\u5927\u5929\u72d7-\u4eba\u673a"
    }, 
    "-237044222": {
        "key": -237044222, 
        "value": "\u521b\u5efa\u4e00\u4e2a\u65b0\u7684\u88c5\u9970\u7269"
    }, 
    "-235656875": {
        "key": -235656875, 
        "value": "\u62db\u724c1"
    }, 
    "-232345446": {
        "key": -232345446, 
        "value": "<html><body><p>\u5c5e\u6027\uff1a\u6797\u3002\u5e03\u4e0b\u4e00\u4e2a\u5b58\u57285\u79d2\u7684\u5929\u9003\u9635\uff0c0.5\u79d2\u540e\u56de\u590d\u6cd5\u9635\u5185\u53cb\u519b200\u8840\u91cf\u3002</p></body></html>"
    }, 
    "-231025341": {
        "key": -231025341, 
        "value": "\u5927\u5929\u72d7"
    }, 
    "-221415409": {
        "key": -221415409, 
        "value": "ice"
    }, 
    "-216786363": {
        "key": -216786363, 
        "value": "<html><body><p>\u5c5e\u6027\uff1a\u6797\u3002\u5411\u524d\u7a81\u523a\u4e00\u6bb5\u8ddd\u79bb\uff08\u9047\u5230\u969c\u788d\u7269\u4f1a\u505c\u6b62\uff09\uff0c\u5e76\u9020\u6210100\u70b9\u4f24\u5bb3\u3002</p></body></html>"
    }, 
    "-207869773": {
        "key": -207869773, 
        "value": "\u521b\u5efa\u4e00\u4e2a\u65b0\u7684\u88c5\u9970\u7269"
    }, 
    "-205999039": {
        "key": -205999039, 
        "value": "\u684c\u5b505"
    }, 
    "-201147489": {
        "key": -201147489, 
        "value": "\u521b\u5efa\u4e00\u4e2a\u65b0\u7684\u88c5\u9970\u7269"
    }, 
    "-197293105": {
        "key": -197293105, 
        "value": "-197293105"
    }, 
    "-177060808": {
        "key": -177060808, 
        "value": "\u56f4\u589916\n"
    }, 
    "-165683623": {
        "key": -165683623, 
        "value": "\u521b\u5efa\u4e00\u4e2a\u65b0\u7684\u88c5\u9970\u7269"
    }, 
    "-159846964": {
        "key": -159846964, 
        "value": "\u653b\u51fb1"
    }, 
    "-152907902": {
        "key": -152907902, 
        "value": "\u521b\u5efa\u4e00\u4e2a\u65b0\u7684\u88c5\u9970\u7269"
    }, 
    "-150750627": {
        "key": -150750627, 
        "value": "\u96f7\u9706\u6012\u543c"
    }, 
    "-149294095": {
        "key": -149294095, 
        "value": "-149294095"
    }, 
    "-126292885": {
        "key": -126292885, 
        "value": "\u6728\u7bb11"
    }, 
    "-102026445": {
        "key": -102026445, 
        "value": "\u9053\u517711"
    }, 
    "-99000892": {
        "key": -99000892, 
        "value": "\u8fd9\u662f\u4e00\u4e2a\u5efa\u7b51"
    }, 
    "-76555620": {
        "key": -76555620, 
        "value": "\u77f3\u78162"
    }, 
    "-42120817": {
        "key": -42120817, 
        "value": "\u7bad\u65e0\u865a\u53d1\uff08AI\uff09"
    }, 
    "-12682569": {
        "key": -12682569, 
        "value": "\u56f4\u58991"
    }, 
    "-7779865": {
        "key": -7779865, 
        "value": "\u67dc\u5b503"
    }, 
    "-5796786": {
        "key": -5796786, 
        "value": "\u521b\u5efa\u4e00\u4e2a\u65b0\u7684\u88c5\u9970\u7269"
    }, 
    "22756717": {
        "key": 22756717, 
        "value": "\u9053\u517715"
    }, 
    "54112473": {
        "key": 54112473, 
        "value": "\u51fb\u8d25\u7279\u6548"
    }, 
    "60838296": {
        "key": 60838296, 
        "value": "\u56f4\u58996"
    }, 
    "61297023": {
        "key": 61297023, 
        "value": "\u96ea\u5973-\u4eba\u673a"
    }, 
    "68633965": {
        "key": 68633965, 
        "value": "SPAttack"
    }, 
    "69622022": {
        "key": 69622022, 
        "value": "<html><body><p>\u84c4\u529b1.5\u79d2\u8fdb\u884c\u8d85\u8fdc\u8ddd\u79bb\u7684\u5c04\u51fb\uff0c\u5bf9\u76ee\u6807\u9020\u6210190/270/350(+\u989d\u5916\u7269\u7406\u653b\u51fb*1.3)\u70b9\u7269\u7406\u4f24\u5bb3\uff0c\u76ee\u6807\u6bcf\u7f3a\u59311%\u7684\u8840\u6c14\u503c\uff0c\u9020\u6210\u7684\u4f24\u5bb3\u5c31\u63d0\u9ad81%\u3002\u72d9\u51fb\u72b6\u6001\u4e0b\u84c4\u529b\u65f6\u95f4\u7f29\u77ed\u3002</p></body></html>"
    }, 
    "92867019": {
        "key": 92867019, 
        "value": "<html><body><p>\u5c5e\u6027\uff1a\u6797\u3002\u5411\u6307\u5b9a\u65b9\u5411\u53d1\u5c04\u4e00\u9053\u9b54\u6cd5\u7b26\u5492\uff0c\u9020\u621050\u70b9\u4f24\u5bb3\u3002</p></body></html>"
    }, 
    "110618353": {
        "key": 110618353, 
        "value": "\u521b\u5efa\u4e00\u4e2a\u65b0\u7684\u88c5\u9970\u7269"
    }, 
    "114789864": {
        "key": 114789864, 
        "value": "\u521b\u5efa\u4e00\u4e2a\u65b0\u7684\u88c5\u9970\u7269"
    }, 
    "127952140": {
        "key": 127952140, 
        "value": "\u521b\u5efa\u4e00\u4e2a\u65b0\u7684\u88c5\u9970\u7269"
    }, 
    "131347239": {
        "key": 131347239, 
        "value": "\u67b6\u5b503"
    }, 
    "132418701": {
        "key": 132418701, 
        "value": "\u5730\u677f8\n"
    }, 
    "140364407": {
        "key": 140364407, 
        "value": "\u521b\u5efa\u4e00\u4e2a\u65b0\u7684\u88c5\u9970\u7269"
    }, 
    "143516181": {
        "key": 143516181, 
        "value": "\u96d5\u50cf2"
    }, 
    "173393524": {
        "key": 173393524, 
        "value": "\u8fde\u7eed\u56de\u8840\uff08\u6bcf\u79d290\u70b9\uff09"
    }, 
    "180601473": {
        "key": 180601473, 
        "value": "\u56f4\u589910"
    }, 
    "181229880": {
        "key": 181229880, 
        "value": "\u521b\u5efa\u4e00\u4e2a\u65b0\u7684\u88c5\u9970\u7269"
    }, 
    "183857387": {
        "key": 183857387, 
        "value": "\u5750\u57ab4"
    }, 
    "183954050": {
        "key": 183954050, 
        "value": "\u521b\u5efa\u4e00\u4e2a\u65b0\u7684\u88c5\u9970\u7269"
    }, 
    "193651651": {
        "key": 193651651, 
        "value": "\u94fa\u76d61"
    }, 
    "203053458": {
        "key": 203053458, 
        "value": "\u521b\u5efa\u4e00\u4e2a\u65b0\u7684\u88c5\u9970\u7269"
    }, 
    "211624737": {
        "key": 211624737, 
        "value": "\u521b\u5efa\u4e00\u4e2a\u65b0\u7684\u88c5\u9970\u7269"
    }, 
    "229105047": {
        "key": 229105047, 
        "value": "\u521b\u5efa\u65b0\u58f0\u97f3"
    }, 
    "240438206": {
        "key": 240438206, 
        "value": "\u62fe\u53d6\u6280\u80fd"
    }, 
    "246927701": {
        "key": 246927701, 
        "value": "\u9b54\u6cd5\u7b26\u5492\uff08AI\uff09"
    }, 
    "255775241": {
        "key": 255775241, 
        "value": "\u9053\u51773"
    }, 
    "256331726": {
        "key": 256331726, 
        "value": "\u5c71\u77f31"
    }, 
    "269404237": {
        "key": 269404237, 
        "value": "\u521b\u5efa\u4e00\u4e2a\u65b0\u7684\u88c5\u9970\u7269"
    }, 
    "278312701": {
        "key": 278312701, 
        "value": "\u521b\u5efa\u4e00\u4e2a\u65b0\u7684\u88c5\u9970\u7269"
    }, 
    "287261821": {
        "key": 287261821, 
        "value": "\u521b\u5efa\u4e00\u4e2a\u65b0\u7684\u88c5\u9970\u7269"
    }, 
    "297191267": {
        "key": 297191267, 
        "value": "\u9053\u517716"
    }, 
    "298670927": {
        "key": 298670927, 
        "value": "\u5e18\u5b501"
    }, 
    "301878725": {
        "key": 301878725, 
        "value": "\u843d\u5730\u706f"
    }, 
    "308080074": {
        "key": 308080074, 
        "value": "\u516c\u544a\u680f3"
    }, 
    "316380545": {
        "key": 316380545, 
        "value": "\u8def\u706f2"
    }, 
    "324779939": {
        "key": 324779939, 
        "value": "\u56de\u8840\u9053\u5177"
    }, 
    "329238353": {
        "key": 329238353, 
        "value": "\u521b\u5efa\u4e00\u4e2a\u65b0\u7684\u88c5\u9970\u7269"
    }, 
    "340647692": {
        "key": 340647692, 
        "value": "\u6e38\u620f\u7ed3\u675fBGM"
    }, 
    "358815333": {
        "key": 358815333, 
        "value": "<html><body><p>\u8fd9\u662f\u4e00\u4e2a\u53ef\u4ee5\u53e0\u52a0\u5c42\u6570\u7684\u9b54\u6cd5\u6548\u679c\uff0c\u83b7\u5f97\u76f8\u540c\u7684\u9b54\u6cd5\u6548\u679c\u65f6\u4f1a\u53e0\u52a0\u5c42\u6570\u5e76\u5237\u65b0\u6301\u7eed\u65f6\u95f4</p></body></html>"
    }, 
    "360863442": {
        "key": 360863442, 
        "value": "\u58f6"
    }, 
    "364928065": {
        "key": 364928065, 
        "value": "\u521b\u5efa\u65b0\u6295\u5c04\u7269"
    }, 
    "371348728": {
        "key": 371348728, 
        "value": "\u521b\u5efa\u65b0\u58f0\u97f3"
    }, 
    "373178553": {
        "key": 373178553, 
        "value": "\u62fe\u53d6\u7279\u6548"
    }, 
    "375380261": {
        "key": 375380261, 
        "value": "\u5730\u6bef1"
    }, 
    "378523477": {
        "key": 378523477, 
        "value": "\u8def\u706f4"
    }, 
    "392369081": {
        "key": 392369081, 
        "value": "\u521b\u5efa\u4e00\u4e2a\u65b0\u7684\u88c5\u9970\u7269"
    }, 
    "393357427": {
        "key": 393357427, 
        "value": "\u56f4\u589913"
    }, 
    "406736735": {
        "key": 406736735, 
        "value": "\u521b\u5efa\u4e00\u4e2a\u65b0\u7684\u88c5\u9970\u7269"
    }, 
    "421240447": {
        "key": 421240447, 
        "value": "\u7bad\u65e0\u865a\u53d1"
    }, 
    "426179803": {
        "key": 426179803, 
        "value": "\u6905\u5b50"
    }, 
    "460907405": {
        "key": 460907405, 
        "value": "460907405"
    }, 
    "465338820": {
        "key": 465338820, 
        "value": "\u521b\u5efa\u4e00\u4e2a\u65b0\u7684\u88c5\u9970\u7269"
    }, 
    "467930676": {
        "key": 467930676, 
        "value": "\u521b\u5efa\u4e00\u4e2a\u65b0\u7684\u88c5\u9970\u7269"
    }, 
    "473061540": {
        "key": 473061540, 
        "value": "473061540"
    }, 
    "477669686": {
        "key": 477669686, 
        "value": "\u5bd2\u51b0\u4e4b\u8def"
    }, 
    "480951076": {
        "key": 480951076, 
        "value": "\u5c71\u77f34"
    }, 
    "485204408": {
        "key": 485204408, 
        "value": "\u8352"
    }, 
    "495245910": {
        "key": 495245910, 
        "value": "\u9053\u51775"
    }, 
    "503914454": {
        "key": 503914454, 
        "value": "\u623f\u5c4b4\n"
    }, 
    "522984788": {
        "key": 522984788, 
        "value": "\u9053\u51778"
    }, 
    "525608062": {
        "key": 525608062, 
        "value": "\u767e\u6b65\u7a7f\u6768"
    }, 
    "548906099": {
        "key": 548906099, 
        "value": "\u8fd9\u662f\u4e00\u4e2a\u82f1\u96c4"
    }, 
    "570087343": {
        "key": 570087343, 
        "value": "\u8349\u58064"
    }, 
    "571543801": {
        "key": 571543801, 
        "value": "\u9053\u51774"
    }, 
    "581426367": {
        "key": 581426367, 
        "value": "\u8def\u68071"
    }, 
    "596231261": {
        "key": 596231261, 
        "value": "\u89d2\u8272\u666e\u901a\u653b\u51fb\u65f6\u6253\u51fa\u7684\u9b54\u6cd5\u7403"
    }, 
    "597047820": {
        "key": 597047820, 
        "value": "\u98de\u884c\u533a"
    }, 
    "601233414": {
        "key": 601233414, 
        "value": "<html><body><p>\u5173\u7fbd\u662f\u4e00\u4f4d\u6218\u58eb\u578b\u82f1\u96c4\uff0c\u80fd\u591f\u89e3\u9664\u81ea\u8eab\u53d7\u5230\u7684\u63a7\u5236\uff0c\u62e5\u6709\u5f3a\u5927\u7684\u7269\u7406\u8f93\u51fa\u548c\u7a81\u8fdb\u80fd\u529b</p></body></html>"
    }, 
    "623987744": {
        "key": 623987744, 
        "value": "\u67dc\u5b502"
    }, 
    "629312591": {
        "key": 629312591, 
        "value": "Snow2"
    }, 
    "635296482": {
        "key": 635296482, 
        "value": "\u521b\u5efa\u4e00\u4e2a\u65b0\u7684\u88c5\u9970\u7269"
    }, 
    "644470959": {
        "key": 644470959, 
        "value": "\u521b\u5efa\u4e00\u4e2a\u65b0\u7684\u88c5\u9970\u7269"
    }, 
    "649015990": {
        "key": 649015990, 
        "value": "\u8fd9\u662f\u4e00\u4e2a\u82f1\u96c4"
    }, 
    "658200120": {
        "key": 658200120, 
        "value": "\u88ab\u51bb\u4f4f\u65e0\u6cd5\u884c\u52a8"
    }, 
    "662449356": {
        "key": 662449356, 
        "value": "\u5730\u677f6\n"
    }, 
    "666426417": {
        "key": 666426417, 
        "value": "\u684c\u5b503"
    }, 
    "677290264": {
        "key": 677290264, 
        "value": "\u521b\u5efa\u4e00\u4e2a\u65b0\u7684\u88c5\u9970\u7269"
    }, 
    "679662836": {
        "key": 679662836, 
        "value": "\u6295\u5c04\u7269\u63cf\u8ff0"
    }, 
    "681109242": {
        "key": 681109242, 
        "value": "\u521b\u5efa\u4e00\u4e2a\u65b0\u7684\u88c5\u9970\u7269"
    }, 
    "700621439": {
        "key": 700621439, 
        "value": "\u623f\u5c4b3\n"
    }, 
    "729044266": {
        "key": 729044266, 
        "value": "\u9053\u51776"
    }, 
    "738989531": {
        "key": 738989531, 
        "value": "\u521b\u5efa\u4e00\u4e2a\u65b0\u7684\u88c5\u9970\u7269"
    }, 
    "745241927": {
        "key": 745241927, 
        "value": "\u6811\u67283"
    }, 
    "750893366": {
        "key": 750893366, 
        "value": "\u521b\u5efa\u4e00\u4e2a\u65b0\u7684\u88c5\u9970\u7269"
    }, 
    "753433134": {
        "key": 753433134, 
        "value": "\u8fd9\u662f\u4e00\u4e2a\u751f\u7269"
    }, 
    "769174891": {
        "key": 769174891, 
        "value": "\u521b\u5efa\u4e00\u4e2a\u65b0\u7684\u88c5\u9970\u7269"
    }, 
    "772228143": {
        "key": 772228143, 
        "value": "\u6280\u80fd\u6a21\u677f1\u7684\u63cf\u8ff0"
    }, 
    "778470396": {
        "key": 778470396, 
        "value": "\u521b\u5efa\u65b0\u58f0\u97f3"
    }, 
    "781040433": {
        "key": 781040433, 
        "value": "\u521b\u5efa\u4e00\u4e2a\u65b0\u7684\u88c5\u9970\u7269"
    }, 
    "792724291": {
        "key": 792724291, 
        "value": "\u521b\u5efa\u4e00\u4e2a\u65b0\u7684\u88c5\u9970\u7269"
    }, 
    "807031512": {
        "key": 807031512, 
        "value": "\u964d\u4f4e\u79fb\u901f"
    }, 
    "814003639": {
        "key": 814003639, 
        "value": "\u684c\u5b50"
    }, 
    "824300095": {
        "key": 824300095, 
        "value": "\u6280\u80fd\u6a21\u677f1\u7684\u63cf\u8ff0"
    }, 
    "836902175": {
        "key": 836902175, 
        "value": "\u9b54\u6cd5\u7403\uff08\u666e\u901a\u653b\u51fb\uff09"
    }, 
    "840665095": {
        "key": 840665095, 
        "value": "\u7bad\u65e0\u865a\u53d1"
    }, 
    "851676248": {
        "key": 851676248, 
        "value": "\u5750\u57ab6"
    }, 
    "866930855": {
        "key": 866930855, 
        "value": "\u52a0\u901f\uff0825%\uff09"
    }, 
    "868045148": {
        "key": 868045148, 
        "value": "\u521b\u5efa\u4e00\u4e2a\u65b0\u7684\u88c5\u9970\u7269"
    }, 
    "874876734": {
        "key": 874876734, 
        "value": "<html><body><p>\u5c5e\u6027\uff1a\u98ce\u3002\u51fb\u9000\u76ee\u6807\u9020\u621060\u70b9\u4f24\u5bb3\uff0c\u5e76\u4f7f\u5176\u7729\u66551\u79d2\u3002</p></body></html>"
    }, 
    "899878811": {
        "key": 899878811, 
        "value": "\u8fd9\u662f\u4e00\u4e2a\u666e\u901a\u9b54\u6cd5\u6548\u679c\uff0c\u83b7\u5f97\u76f8\u540c\u7684\u9b54\u6cd5\u6548\u679c\u65f6\u4f1a\u88ab\u8986\u76d6\uff0c\u4e0d\u53ef\u53e0\u52a0\u5c42\u6570"
    }, 
    "907751770": {
        "key": 907751770, 
        "value": "\u623f\u5c4b2\n"
    }, 
    "910145904": {
        "key": 910145904, 
        "value": "\u964d\u4f4e\u79fb\u901f"
    }, 
    "912708535": {
        "key": 912708535, 
        "value": "\u521b\u5efa\u65b0\u6295\u5c04\u7269"
    }, 
    "926814533": {
        "key": 926814533, 
        "value": "<html><body><p>\u5c5e\u6027\uff1a\u98ce\u3002\u51fb\u9000\u76ee\u6807\u9020\u621060\u70b9\u4f24\u5bb3\uff0c\u5e76\u4f7f\u5176\u7729\u66551\u79d2\u3002</p></body></html>"
    }, 
    "934676926": {
        "key": 934676926, 
        "value": "\u52a0\u901f\uff0825%\uff09"
    }, 
    "949404555": {
        "key": 949404555, 
        "value": "\u521b\u5efa\u4e00\u4e2a\u65b0\u7684\u88c5\u9970\u7269"
    }, 
    "954956733": {
        "key": 954956733, 
        "value": "\u521b\u5efa\u4e00\u4e2a\u65b0\u7684\u88c5\u9970\u7269"
    }, 
    "956975636": {
        "key": 956975636, 
        "value": "\u67cf\u6811"
    }, 
    "970655114": {
        "key": 970655114, 
        "value": "\u521b\u5efa\u4e00\u4e2a\u65b0\u7684\u88c5\u9970\u7269"
    }, 
    "977807106": {
        "key": 977807106, 
        "value": "\u521b\u5efa\u4e00\u4e2a\u65b0\u7684\u88c5\u9970\u7269"
    }, 
    "978231868": {
        "key": 978231868, 
        "value": "\u521b\u5efa\u4e00\u4e2a\u65b0\u7684\u88c5\u9970\u7269"
    }, 
    "983229461": {
        "key": 983229461, 
        "value": "\u8fd9\u662f\u4e00\u4e2a\u82f1\u96c4"
    }, 
    "989816841": {
        "key": 989816841, 
        "value": "989816841"
    }, 
    "996002586": {
        "key": 996002586, 
        "value": "\u6295\u5c04\u7269\u63cf\u8ff0"
    }, 
    "998189908": {
        "key": 998189908, 
        "value": "<html><body><p>\u5c5e\u6027\uff1a\u98ce\u3002\u5bf9\u524d\u65b9\u4f9d\u6b21\u53d1\u5c04\u591a\u679a\u7bad\u77e2\uff0c\u5bf9\u51fb\u4e2d\u7684\u7b2c\u4e00\u4e2a\u76ee\u6807\u9020\u621085\u70b9\u4f24\u5bb3\u5e76\u5c06\u5176\u51fb\u9000\uff0c\u540c\u4e00\u4e2a\u76ee\u6807\u53ea\u4f1a\u88ab\u51fb\u9000\u4e00\u6b21\u3002</p></body></html>"
    }, 
    "1008105242": {
        "key": 1008105242, 
        "value": "ice"
    }, 
    "1011585886": {
        "key": 1011585886, 
        "value": "\u7269\u54c1A"
    }, 
    "1026310519": {
        "key": 1026310519, 
        "value": "<html><body><p>\u5c5e\u6027\uff1a\u6797\u3002\u5411\u6307\u5b9a\u65b9\u5411\u53d1\u5c04\u4e00\u9053\u9b54\u6cd5\u7b26\u5492\uff0c\u9020\u621050\u70b9\u4f24\u5bb3\u3002</p></body></html>"
    }, 
    "1039563540": {
        "key": 1039563540, 
        "value": "\u6905\u5b50"
    }, 
    "1050688115": {
        "key": 1050688115, 
        "value": "\u70b8\u88c2\u51b2\u51fb"
    }, 
    "1059097296": {
        "key": 1059097296, 
        "value": "\u521b\u5efa\u4e00\u4e2a\u65b0\u7684\u88c5\u9970\u7269"
    }, 
    "1079826191": {
        "key": 1079826191, 
        "value": "\u98de\u884c"
    }, 
    "1081179775": {
        "key": 1081179775, 
        "value": "\u521b\u5efa\u4e00\u4e2a\u65b0\u7684\u88c5\u9970\u7269"
    }, 
    "1098497407": {
        "key": 1098497407, 
        "value": "\u5929\u9003\u9635"
    }, 
    "1131221900": {
        "key": 1131221900, 
        "value": "\u796d\u7940\u53f0"
    }, 
    "1142407205": {
        "key": 1142407205, 
        "value": "\u81ea\u52a8\u552e\u8d27\u673a"
    }, 
    "1154924150": {
        "key": 1154924150, 
        "value": "\u521b\u5efa\u4e00\u4e2a\u65b0\u7684\u88c5\u9970\u7269"
    }, 
    "1160792418": {
        "key": 1160792418, 
        "value": "\u810f\u8ff9"
    }, 
    "1172380859": {
        "key": 1172380859, 
        "value": "\u8def\u706f6"
    }, 
    "1186880785": {
        "key": 1186880785, 
        "value": "\u5996\u5200\u59ec-\u4eba\u673a"
    }, 
    "1188878757": {
        "key": 1188878757, 
        "value": "\u5730\u677f1\n"
    }, 
    "1227013981": {
        "key": 1227013981, 
        "value": "\u521b\u5efa\u65b0\u58f0\u97f3"
    }, 
    "1229246732": {
        "key": 1229246732, 
        "value": "<html><body><p>\u5c5e\u6027\uff1a\u51b0\u3002\u5411\u524d\u65b9\u91ca\u653e\u5bd2\u51b0\u8def\u5f84\uff0c\u5bf9\u78b0\u89e6\u5230\u7684\u654c\u4eba\u9020\u62101.5\u79d2\u7684\u51b0\u51bb\u6548\u679c(\u540c\u4e00\u5355\u4f4d\u53ea\u4f1a\u88ab\u51b0\u51bb\u4e00\u6b21)\uff0c\u5728\u8def\u5f84\u4e0a\u7684\u654c\u4eba\u6bcf\u79d2\u53d7\u523060/95/130(+\u6cd5\u672f\u653b\u51fb*0.35)\u70b9\u6cd5\u672f\u4f24\u5bb3\u5e76\u964d\u4f4e30%/45%/60%\u7684\u79fb\u52a8\u901f\u5ea6\uff0c\u51b0\u8def\u6301\u7eed6\u79d2\u3002</p></body></html>"
    }, 
    "1229581835": {
        "key": 1229581835, 
        "value": "\u67dc\u5b501"
    }, 
    "1230942012": {
        "key": 1230942012, 
        "value": "\u521b\u5efa\u4e00\u4e2a\u65b0\u7684\u88c5\u9970\u7269"
    }, 
    "1231798141": {
        "key": 1231798141, 
        "value": "\u6280\u80fd\u9053\u51772"
    }, 
    "1244859483": {
        "key": 1244859483, 
        "value": "\u521b\u5efa\u4e00\u4e2a\u65b0\u7684\u88c5\u9970\u7269"
    }, 
    "1246043526": {
        "key": 1246043526, 
        "value": "\u521b\u5efa\u4e00\u4e2a\u65b0\u7684\u88c5\u9970\u7269"
    }, 
    "1262361363": {
        "key": 1262361363, 
        "value": "<html><body><p>\u5c06\u4e00\u4e2a\u53cb\u519b\u5c01\u5370\u5728\u51b0\u96ea\u4e4b\u4e2d\uff0c\u671f\u95f4\u4e0d\u80fd\u79fb\u52a8\u4f46\u514d\u75ab\u6240\u6709\u4f24\u5bb3\uff0c\u6301\u7eed2\u79d2\u3002\u51b0\u5c01\u72b6\u6001\u4e0b\uff0c\u518d\u6b21\u4f7f\u7528\u672c\u6280\u80fd\u53ef\u89e3\u9664\u5c01\u5370\uff0c\u540c\u65f6\u5bf9\u5468\u56f4\u654c\u4eba\u9020\u621050\u70b9\u4f24\u5bb3\u3002</p></body></html>"
    }, 
    "1284373989": {
        "key": 1284373989, 
        "value": "\u5f15\u96f7\u672f"
    }, 
    "1287946915": {
        "key": 1287946915, 
        "value": "<html><body><p>\u5c5e\u6027\uff1a\u98ce\u3002\u5bf9\u524d\u65b9\u4f9d\u6b21\u53d1\u5c04\u591a\u679a\u7bad\u77e2\uff0c\u5bf9\u51fb\u4e2d\u7684\u7b2c\u4e00\u4e2a\u76ee\u6807\u9020\u621085\u70b9\u4f24\u5bb3\u5e76\u5c06\u5176\u51fb\u9000\uff0c\u540c\u4e00\u4e2a\u76ee\u6807\u53ea\u4f1a\u88ab\u51fb\u9000\u4e00\u6b21\u3002</p></body></html>"
    }, 
    "1310663310": {
        "key": 1310663310, 
        "value": "\u94fa\u76d62"
    }, 
    "1310819277": {
        "key": 1310819277, 
        "value": "\u521b\u5efa\u4e00\u4e2a\u65b0\u7684\u88c5\u9970\u7269"
    }, 
    "1315196918": {
        "key": 1315196918, 
        "value": "\u810f\u8ff9"
    }, 
    "1326114655": {
        "key": 1326114655, 
        "value": "<html><body><p>\u5c5e\u6027\uff1a\u706b\u3002\u5411\u6307\u5b9a\u533a\u57df\u91ca\u653e\u7bad\u96e8\uff0c\u5bf9\u8303\u56f4\u5185\u654c\u4eba\u9020\u621065\u70b9\u4f24\u5bb3\uff0c\u9644\u5e2625%\u51cf\u901f\u6548\u679c\uff0c\u6301\u7eed2.5\u79d2\u3002</p></body></html>"
    }, 
    "1332592745": {
        "key": 1332592745, 
        "value": "\u521b\u5efa\u4e00\u4e2a\u65b0\u7684\u88c5\u9970\u7269"
    }, 
    "1339372366": {
        "key": 1339372366, 
        "value": "\u521b\u5efa\u4e00\u4e2a\u65b0\u7684\u88c5\u9970\u7269"
    }, 
    "1340046547": {
        "key": 1340046547, 
        "value": "<html><body><p>\u51cf\u79fb\u901f100\u70b9</p></body></html>"
    }, 
    "1349983603": {
        "key": 1349983603, 
        "value": "\u521b\u5efa\u4e00\u4e2a\u65b0\u7684\u88c5\u9970\u7269"
    }, 
    "1365161007": {
        "key": 1365161007, 
        "value": "\u5c71\u77f35"
    }, 
    "1403271188": {
        "key": 1403271188, 
        "value": "\u5173 \u7fbd-diy"
    }, 
    "1406814399": {
        "key": 1406814399, 
        "value": "\u521b\u5efa\u65b0\u6280\u80fd"
    }, 
    "1415567923": {
        "key": 1415567923, 
        "value": "\u6986\u6811"
    }, 
    "1422254798": {
        "key": 1422254798, 
        "value": "\u6280\u80fd\u9053\u5177\u7684\u6837\u5f0f"
    }, 
    "1427146561": {
        "key": 1427146561, 
        "value": "\u521b\u5efa\u4e00\u4e2a\u65b0\u7684\u88c5\u9970\u7269"
    }, 
    "1433762291": {
        "key": 1433762291, 
        "value": "\u521b\u5efa\u4e00\u4e2a\u65b0\u7684\u88c5\u9970\u7269"
    }, 
    "1439879712": {
        "key": 1439879712, 
        "value": "\u67b6\u5b501"
    }, 
    "1452976495": {
        "key": 1452976495, 
        "value": "\u521b\u5efa\u4e00\u4e2a\u65b0\u7684\u88c5\u9970\u7269"
    }, 
    "1464295424": {
        "key": 1464295424, 
        "value": "\u521b\u5efa\u4e00\u4e2a\u65b0\u7684\u88c5\u9970\u7269"
    }, 
    "1469397769": {
        "key": 1469397769, 
        "value": "\u8349\u58063"
    }, 
    "1470438317": {
        "key": 1470438317, 
        "value": "\u8def\u706f5"
    }, 
    "1481510748": {
        "key": 1481510748, 
        "value": "\u8def\u706f9"
    }, 
    "1483608637": {
        "key": 1483608637, 
        "value": "\u6280\u80fd\u6a21\u677f1\u7684\u63cf\u8ff0"
    }, 
    "1507404991": {
        "key": 1507404991, 
        "value": "<html><body><p>\u51cf\u79fb\u901f100\u70b9</p></body></html>"
    }, 
    "1514080470": {
        "key": 1514080470, 
        "value": "<html><body><p>\u5996\u5200\u59ec-\u4eba\u673a</p></body></html>"
    }, 
    "1514891984": {
        "key": 1514891984, 
        "value": "\u7269\u54c1B"
    }, 
    "1516185595": {
        "key": 1516185595, 
        "value": "\u6805\u680f1"
    }, 
    "1519528532": {
        "key": 1519528532, 
        "value": "\u5730\u677f4\n"
    }, 
    "1541407141": {
        "key": 1541407141, 
        "value": "\u9b54\u6cd5\u7b26\u5492"
    }, 
    "1545886485": {
        "key": 1545886485, 
        "value": "1545886485"
    }, 
    "1555841092": {
        "key": 1555841092, 
        "value": "\u62a4\u76fe\u9053\u5177"
    }, 
    "1561428393": {
        "key": 1561428393, 
        "value": "\u6280\u80fd\u6a21\u677f1\u7684\u63cf\u8ff0"
    }, 
    "1568109812": {
        "key": 1568109812, 
        "value": "\u6b7b\u95e8\u9635\uff08\u6539\uff09"
    }, 
    "1570184913": {
        "key": 1570184913, 
        "value": "\u6a59\u8272\u5012\u8ba1\u65f6"
    }, 
    "1576619760": {
        "key": 1576619760, 
        "value": "<html><body><p>\u7cbe\u9510\u9ec4\u5dfe\u957f\u77db\u5175</p></body></html>"
    }, 
    "1595773460": {
        "key": 1595773460, 
        "value": "\u521b\u5efa\u4e00\u4e2a\u65b0\u7684\u88c5\u9970\u7269"
    }, 
    "1599289037": {
        "key": 1599289037, 
        "value": "\u5730\u677f5\n"
    }, 
    "1599699791": {
        "key": 1599699791, 
        "value": "\u680f\u67461"
    }, 
    "1599858221": {
        "key": 1599858221, 
        "value": "\u9053\u517713"
    }, 
    "1600011257": {
        "key": 1600011257, 
        "value": "\u521b\u5efa\u4e00\u4e2a\u65b0\u7684\u88c5\u9970\u7269"
    }, 
    "1604283464": {
        "key": 1604283464, 
        "value": "\u521b\u5efa\u4e00\u4e2a\u65b0\u7684\u88c5\u9970\u7269"
    }, 
    "1630534968": {
        "key": 1630534968, 
        "value": "<html><body><p>\u5927\u5929\u72d7-\u4eba\u673a</p></body></html>"
    }, 
    "1633894501": {
        "key": 1633894501, 
        "value": "\u680f\u67462"
    }, 
    "1645278117": {
        "key": 1645278117, 
        "value": "\u8fd9\u662f\u4e00\u4e2a\u82f1\u96c4"
    }, 
    "1665058751": {
        "key": 1665058751, 
        "value": "\u521b\u5efa\u4e00\u4e2a\u65b0\u7684\u88c5\u9970\u7269"
    }, 
    "1667632945": {
        "key": 1667632945, 
        "value": "\u521b\u5efa\u4e00\u4e2a\u65b0\u7684\u88c5\u9970\u7269"
    }, 
    "1672851281": {
        "key": 1672851281, 
        "value": "1672851281"
    }, 
    "1677923938": {
        "key": 1677923938, 
        "value": "\u623f\u5c4b1\n"
    }, 
    "1682846996": {
        "key": 1682846996, 
        "value": "\u521b\u5efa\u4e00\u4e2a\u65b0\u7684\u88c5\u9970\u7269"
    }, 
    "1685992937": {
        "key": 1685992937, 
        "value": "\u680f\u67463"
    }, 
    "1691035161": {
        "key": 1691035161, 
        "value": "LightDoor"
    }, 
    "1703894239": {
        "key": 1703894239, 
        "value": "\u56f4\u589914\n"
    }, 
    "1713388509": {
        "key": 1713388509, 
        "value": "\u5730\u6bef2"
    }, 
    "1718563294": {
        "key": 1718563294, 
        "value": "1718563294"
    }, 
    "1723726221": {
        "key": 1723726221, 
        "value": "\u521b\u5efa\u4e00\u4e2a\u65b0\u7684\u88c5\u9970\u7269"
    }, 
    "1723887239": {
        "key": 1723887239, 
        "value": "<html><body><p>\u6280\u80fd\u4e66\u9053\u5177\uff0c\u62fe\u53d6\u73a9\u5bb6\u83b7\u5f97\u968f\u673a\u6280\u80fd\uff0c\u5982\u679c\u5df2\u7ecf\u62e5\u6709\u6280\u80fd\u4e66\u4e0a\u7684\u6280\u80fd\uff0c\u5219\u4e0d\u589e\u52a0\u3002\u5982\u679c\u73a9\u5bb6\u5df2\u7ecf\u62e5\u67092\u4e2a\u6280\u80fd\uff0c\u5219\u66ff\u6362\u6389\u7b2c\u4e00\u4e2a\u62fe\u53d6\u5230\u7684\u6280\u80fd\uff08\u961f\u5217\u5f62\u5f0f\uff09</p></body></html>"
    }, 
    "1737257592": {
        "key": 1737257592, 
        "value": "\u9053\u51777"
    }, 
    "1739011958": {
        "key": 1739011958, 
        "value": "\u684c\u5b502"
    }, 
    "1749745434": {
        "key": 1749745434, 
        "value": "\u521b\u5efa\u4e00\u4e2a\u65b0\u7684\u88c5\u9970\u7269"
    }, 
    "1754045441": {
        "key": 1754045441, 
        "value": "\u521b\u5efa\u65b0\u6295\u5c04\u7269"
    }, 
    "1761113979": {
        "key": 1761113979, 
        "value": "\u521b\u5efa\u4e00\u4e2a\u65b0\u7684\u88c5\u9970\u7269"
    }, 
    "1767962801": {
        "key": 1767962801, 
        "value": "\u521b\u5efa\u4e00\u4e2a\u65b0\u7684\u88c5\u9970\u7269"
    }, 
    "1789249845": {
        "key": 1789249845, 
        "value": "\u6c89\u9ed8"
    }, 
    "1791483211": {
        "key": 1791483211, 
        "value": "\u6280\u80fd\u4e66\u9053\u5177"
    }, 
    "1794053014": {
        "key": 1794053014, 
        "value": "\u8fd9\u662f\u4e00\u4e2a\u82f1\u96c4"
    }, 
    "1800125101": {
        "key": 1800125101, 
        "value": "\u707c\u70e7\uff08\u6bcf\u79d230\u70b9\uff09"
    }, 
    "1819784908": {
        "key": 1819784908, 
        "value": "\u590d\u6d3b\u58f0\u97f3"
    }, 
    "1820706745": {
        "key": 1820706745, 
        "value": "\u521b\u5efa\u4e00\u4e2a\u65b0\u7684\u88c5\u9970\u7269"
    }, 
    "1822307726": {
        "key": 1822307726, 
        "value": "\u521b\u5efa\u4e00\u4e2a\u65b0\u7684\u88c5\u9970\u7269"
    }, 
    "1824869637": {
        "key": 1824869637, 
        "value": "\u521b\u5efa\u4e00\u4e2a\u65b0\u7684\u88c5\u9970\u7269"
    }, 
    "1838436144": {
        "key": 1838436144, 
        "value": "\u521b\u5efa\u4e00\u4e2a\u65b0\u7684\u88c5\u9970\u7269"
    }, 
    "1841174513": {
        "key": 1841174513, 
        "value": "\u56f4\u58998"
    }, 
    "1844490156": {
        "key": 1844490156, 
        "value": "\u82b1\u83492"
    }, 
    "1849585991": {
        "key": 1849585991, 
        "value": "\u521b\u5efa\u4e00\u4e2a\u65b0\u7684\u88c5\u9970\u7269"
    }, 
    "1855647592": {
        "key": 1855647592, 
        "value": "\u6805\u680f2"
    }, 
    "1881330663": {
        "key": 1881330663, 
        "value": "\u521b\u5efa\u4e00\u4e2a\u65b0\u7684\u88c5\u9970\u7269"
    }, 
    "1886737263": {
        "key": 1886737263, 
        "value": "\u8eab\u4e3a\u738b\uff0c\u5c31\u8981\u6307\u5f15\u4f17\u4eba\u524d\u884c\u7684\u9053\u8def\u3002"
    }, 
    "1902253737": {
        "key": 1902253737, 
        "value": "\u6ca5\u9752\u8def\u88c2\u7f1d"
    }, 
    "1924708448": {
        "key": 1924708448, 
        "value": "\u67b6\u5b502"
    }, 
    "1926986743": {
        "key": 1926986743, 
        "value": "<html><body><p>\u6bcf\u79d2\u6301\u7eed\u70e7\u4f24</p></body></html>"
    }, 
    "1934418453": {
        "key": 1934418453, 
        "value": "\u8def\u706f3"
    }, 
    "1935295116": {
        "key": 1935295116, 
        "value": "\u521b\u5efa\u4e00\u4e2a\u65b0\u7684\u88c5\u9970\u7269"
    }, 
    "1938873433": {
        "key": 1938873433, 
        "value": "\u6811\u67281"
    }, 
    "1943131962": {
        "key": 1943131962, 
        "value": "\u51b0\u971c\u4e4b\u8def"
    }, 
    "1946197375": {
        "key": 1946197375, 
        "value": "\u521b\u5efa\u4e00\u4e2a\u65b0\u7684\u88c5\u9970\u7269"
    }, 
    "1960475597": {
        "key": 1960475597, 
        "value": "\u677e\u68111"
    }, 
    "1962746264": {
        "key": 1962746264, 
        "value": "\u9053\u517710"
    }, 
    "1963635890": {
        "key": 1963635890, 
        "value": "\u62d6\u5c3e"
    }, 
    "1976016913": {
        "key": 1976016913, 
        "value": "\u521b\u5efa\u4e00\u4e2a\u65b0\u7684\u88c5\u9970\u7269"
    }, 
    "1998475188": {
        "key": 1998475188, 
        "value": "\u51cf\u79fb\u901f100\u70b9"
    }, 
    "1999446655": {
        "key": 1999446655, 
        "value": "\u70b8\u88c2\u51b2\u51fb\uff08AI\uff09"
    }, 
    "2015738291": {
        "key": 2015738291, 
        "value": "<html><body><p>\u5c5e\u6027\uff1a\u706b\u3002\u5411\u524d\u65b9\u53d1\u51fa\u4e00\u6839\u7a7f\u900f\u7684\u9b54\u6cd5\u7bad\u77e2\uff0c\u5bf9\u654c\u4eba\u9020\u621060\u70b9\u4f24\u5bb3\uff0c\u540c\u65f6\u81ea\u5df1\u5411\u540e\u8df3\u8dc3\u4e00\u6bb5\u8ddd\u79bb\u3002</p></body></html>"
    }, 
    "2024686050": {
        "key": 2024686050, 
        "value": "\u521b\u5efa\u4e00\u4e2a\u65b0\u7684\u88c5\u9970\u7269"
    }, 
    "2036249035": {
        "key": 2036249035, 
        "value": "\u521b\u5efa\u4e00\u4e2a\u65b0\u7684\u88c5\u9970\u7269"
    }, 
    "2039890003": {
        "key": 2039890003, 
        "value": "\u8fd9\u662f\u4e00\u4e2a\u666e\u901a\u9b54\u6cd5\u6548\u679c\uff0c\u83b7\u5f97\u76f8\u540c\u7684\u9b54\u6cd5\u6548\u679c\u65f6\u4f1a\u88ab\u8986\u76d6\uff0c\u4e0d\u53ef\u53e0\u52a0\u5c42\u6570"
    }, 
    "2040834333": {
        "key": 2040834333, 
        "value": "2040834333"
    }, 
    "2045101895": {
        "key": 2045101895, 
        "value": "\u521b\u5efa\u4e00\u4e2a\u65b0\u7684\u88c5\u9970\u7269"
    }, 
    "2066288785": {
        "key": 2066288785, 
        "value": "\u521b\u5efa\u4e00\u4e2a\u65b0\u7684\u88c5\u9970\u7269"
    }, 
    "2076697570": {
        "key": 2076697570, 
        "value": "\u684c\u5b506"
    }, 
    "2088647119": {
        "key": 2088647119, 
        "value": "\u666e\u901a\u653b\u51fb\u58f0\u97f3\uff08\u5973\u89d2\u8272\uff09"
    }, 
    "2097151249": {
        "key": 2097151249, 
        "value": "\u521b\u5efa\u4e00\u4e2a\u65b0\u7684\u88c5\u9970\u7269"
    }, 
    "2097856695": {
        "key": 2097856695, 
        "value": "<html><body><p>\u8352-\u4eba\u673a</p></body></html>"
    }, 
    "2100894393": {
        "key": 2100894393, 
        "value": "\u62a4\u76fe\u9053\u5177"
    }, 
    "2106203769": {
        "key": 2106203769, 
        "value": "\u684c\u5b50"
    }, 
    "2117658664": {
        "key": 2117658664, 
        "value": "2117658664"
    }, 
    "2131612780": {
        "key": 2131612780, 
        "value": "\u521b\u5efa\u4e00\u4e2a\u65b0\u7684\u88c5\u9970\u7269"
    }, 
    "2134857396": {
        "key": 2134857396, 
        "value": "\u91ce\u602a2"
    }, 
    "2143414811": {
        "key": 2143414811, 
        "value": "\u82b1\u83493"
    }, 
    "2143794208": {
        "key": 2143794208, 
        "value": "\u8fd9\u662f\u4e00\u4e2a\u7269\u54c1"
    }, 
    "#046edfc9-8737-4297-ac8a-8765fed8536a#text": {
        "key": "#046edfc9-8737-4297-ac8a-8765fed8536a#text", 
        "value": "\u7a7a\u683c\u952e \u95ea\u907f"
    }, 
    "#05715c9c-c58f-4e4e-bbc1-68ac0cd26b43#text": {
        "key": "#05715c9c-c58f-4e4e-bbc1-68ac0cd26b43#text", 
        "value": "\u9000\u51fa\u6e38\u620f"
    }, 
    "#30378eb0-88f6-4103-9e07-d966e8f3add8#text": {
        "key": "#30378eb0-88f6-4103-9e07-d966e8f3add8#text", 
        "value": "\u63d0\u793a\u6587\u5b57"
    }, 
    "#33a1ca3f-6605-4e21-9cca-29df7772345c#text": {
        "key": "#33a1ca3f-6605-4e21-9cca-29df7772345c#text", 
        "value": "default-text"
    }, 
    "#3a4e702c-f529-4fa1-9f3c-dedf721ffa0a#normal_text": {
        "key": "#3a4e702c-f529-4fa1-9f3c-dedf721ffa0a#normal_text", 
        "value": ""
    }, 
    "#42e931b3-1c3a-4fc6-8810-519e27a9926b#text": {
        "key": "#42e931b3-1c3a-4fc6-8810-519e27a9926b#text", 
        "value": "F \u62fe\u53d6\u7269\u54c1"
    }, 
    "#450a02da-063d-4912-975b-eb439d1cbc37#text": {
        "key": "#450a02da-063d-4912-975b-eb439d1cbc37#text", 
        "value": "\u4e0d\u7ba1\u80dc\u8d25\uff0c\u91cd\u8981\u7684\u662f\u4f60\u4eec\u7ecf\u5386\u4e86\u4e00\u6bb5\u96be\u5fd8\u7684\u65c5\u7a0b\uff0c\u7ee7\u7eed\u524d\u8fdb\u5427!"
    }, 
    "#54de7806-0650-4c28-a505-ff4bc080b6e2#normal_text": {
        "key": "#54de7806-0650-4c28-a505-ff4bc080b6e2#normal_text", 
        "value": "\u9000\u51fa"
    }, 
    "#57f7a5d3-8659-4dd2-8a98-313eacec5d65#text": {
        "key": "#57f7a5d3-8659-4dd2-8a98-313eacec5d65#text", 
        "value": "20\u5206"
    }, 
    "#5aeba714-8a59-4fe9-bfd1-1b92bb321482#text": {
        "key": "#5aeba714-8a59-4fe9-bfd1-1b92bb321482#text", 
        "value": "\u9f20\u6807\u5de6\u952e \u653b\u51fb"
    }, 
    "#7127bfc9-1510-4799-9b39-e58a1d35b94c#text": {
        "key": "#7127bfc9-1510-4799-9b39-e58a1d35b94c#text", 
        "value": "Kill"
    }, 
    "#73fff411-6b43-467a-9ac4-0586f1ec858f#text": {
        "key": "#73fff411-6b43-467a-9ac4-0586f1ec858f#text", 
        "value": "\u5206\u6570"
    }, 
    "#95418b1d-cf7e-48f9-a2c9-62ce08ed56c9#text": {
        "key": "#95418b1d-cf7e-48f9-a2c9-62ce08ed56c9#text", 
        "value": "\u53cb"
    }, 
    "#9bd696fe-d36a-47ac-b5ac-7581a0f73609#text": {
        "key": "#9bd696fe-d36a-47ac-b5ac-7581a0f73609#text", 
        "value": "\u4eba\u673a\u8bad\u7ec3"
    }, 
    "#9c769c3d-f0a1-4649-a8ea-15b35c9f3e36#text": {
        "key": "#9c769c3d-f0a1-4649-a8ea-15b35c9f3e36#text", 
        "value": "\u518d\u6765\u4e00\u5c40"
    }, 
    "#9dc268f4-c31d-4f5f-96f9-607bace65146#text": {
        "key": "#9dc268f4-c31d-4f5f-96f9-607bace65146#text", 
        "value": "F12 \u5173/\u5f00\u64cd\u4f5c\u6307\u5357"
    }, 
    "#9f1018f5-c197-4b56-89c5-b7ac3eccccfe#text": {
        "key": "#9f1018f5-c197-4b56-89c5-b7ac3eccccfe#text", 
        "value": "\u8fdb\u5165\u5bf9\u5c40"
    }, 
    "#9f8f52c5-2f31-41f3-910e-16190e249537#text": {
        "key": "#9f8f52c5-2f31-41f3-910e-16190e249537#text", 
        "value": "Q\u3001E \u91ca\u653e\u6280\u80fd"
    }, 
    "#b5fb81c6-805e-4b62-9577-2c48d03a4376#text": {
        "key": "#b5fb81c6-805e-4b62-9577-2c48d03a4376#text", 
        "value": "\u51fb\u8d25\uff1a1"
    }, 
    "#c40ad5be-07ce-4194-a7cb-73c20d20ca1e#text": {
        "key": "#c40ad5be-07ce-4194-a7cb-73c20d20ca1e#text", 
        "value": "\u654c"
    }, 
    "#c5d3c719-d492-41ee-b79c-161c4ee62bb9#text": {
        "key": "#c5d3c719-d492-41ee-b79c-161c4ee62bb9#text", 
        "value": "\u7a7a\u683c\u952e \u95ea\u907f"
    }, 
    "#d71b868b-e6cd-4cef-8ee4-ecc6e12812f5#normal_text": {
        "key": "#d71b868b-e6cd-4cef-8ee4-ecc6e12812f5#normal_text", 
        "value": "\u518d\u6765\u4e00\u5c40"
    }, 
    "#e0630327-9306-43c6-8bd0-60ccb58e6928#text": {
        "key": "#e0630327-9306-43c6-8bd0-60ccb58e6928#text", 
        "value": "20\u5206"
    }, 
    "#ef061289-3e66-45ab-97d0-194bcb3b2b17#text": {
        "key": "#ef061289-3e66-45ab-97d0-194bcb3b2b17#text", 
        "value": "WASD \u79fb\u52a8"
    }, 
    "#f0c51d6a-7ff8-4e0b-bc94-07ae00eb5a2f#text": {
        "key": "#f0c51d6a-7ff8-4e0b-bc94-07ae00eb5a2f#text", 
        "value": "20\u5206"
    }, 
    "#f67c2d4b-b3ef-478f-a77b-ccfc2867d2c5#text": {
        "key": "#f67c2d4b-b3ef-478f-a77b-ccfc2867d2c5#text", 
        "value": "\u88ab\u51fb\u8d25\uff1a1"
    }, 
    "$code_camp_referee": {
        "key": "$code_camp_referee", 
        "value": "\u88c1\u5224"
    }, 
    "$faction 1": {
        "key": "$faction 1", 
        "value": "\u9635\u8425 1"
    }, 
    "$faction 2": {
        "key": "$faction 2", 
        "value": "\u9635\u8425 2"
    }, 
    "$faction 9999": {
        "key": "$faction 9999", 
        "value": "\u4e2d\u7acb"
    }, 
    "$player 1": {
        "key": "$player 1", 
        "value": "\u73a9\u5bb6 1"
    }, 
    "$player 2": {
        "key": "$player 2", 
        "value": "\u73a9\u5bb6 2"
    }, 
    "$player 3": {
        "key": "$player 3", 
        "value": "\u73a9\u5bb6 3"
    }, 
    "$player 31": {
        "key": "$player 31", 
        "value": "\u4e2d\u7acb \u654c\u5bf9"
    }, 
    "$player 32": {
        "key": "$player 32", 
        "value": "\u4e2d\u7acb \u53cb\u5584"
    }, 
    "$player 4": {
        "key": "$player 4", 
        "value": "\u73a9\u5bb6 4"
    }
}