[
 {
  "name": "Camera", 
  "key": "RW5tgCCtEe6EOYD6W2spCN", 
  "group": [
   {
    "__tuple__": true, 
    "items": [
     9999, 
     "\u521d\u59cb\u955c\u5934", 
     32768
    ]
   }, 
   {
    "__tuple__": true, 
    "items": [
     10036, 
     "Cine1", 
     32768
    ]
   }, 
   {
    "__tuple__": true, 
    "items": [
     10038, 
     "Cine2", 
     32768
    ]
   }
  ], 
  "btn_visible": false
 }, 
 {
  "name": "\u73a9\u5bb6\u51fa\u751f\u70b9", 
  "key": "Dt9dgCCrEe6TyoD6W2spCF", 
  "group": [
   {
    "__tuple__": true, 
    "items": [
     10000, 
     "\u9635\u84252\u51fa\u751f\u70b9", 
     2048
    ]
   }, 
   {
    "__tuple__": true, 
    "items": [
     10001, 
     "\u9635\u84251\u51fa\u751f\u70b9", 
     2048
    ]
   }
  ], 
  "btn_visible": false
 }, 
 {
  "name": "\u56f4\u5899", 
  "key": "kZeiYSC0Ee6lDID6W2spCI", 
  "group": [
   {
    "name": "\u4e0b", 
    "key": "oczN4SC0Ee6Zw4D6W2spCA", 
    "group": [
     {
      "__tuple__": true, 
      "items": [
       42, 
       "\u9635\u84251\u57fa\u5730", 
       16384
      ]
     }, 
     {
      "__tuple__": true, 
      "items": [
       28, 
       "\u56f4\u58991", 
       16384
      ]
     }, 
     {
      "__tuple__": true, 
      "items": [
       33, 
       "\u53f3\u95e8\u67f1", 
       16384
      ]
     }, 
     {
      "__tuple__": true, 
      "items": [
       1, 
       "\u56f4\u58991", 
       16384
      ]
     }, 
     {
      "__tuple__": true, 
      "items": [
       2, 
       "\u5de6\u95e8\u67f1", 
       16384
      ]
     }, 
     {
      "__tuple__": true, 
      "items": [
       19, 
       "\u53f3\u62d0\u89d2", 
       16384
      ]
     }, 
     {
      "__tuple__": true, 
      "items": [
       18, 
       "\u5de6\u62d0\u89d2", 
       16384
      ]
     }, 
     {
      "__tuple__": true, 
      "items": [
       63, 
       "\u680f\u67461", 
       16384
      ]
     }
    ], 
    "btn_visible": false
   }, 
   {
    "name": "\u4e0a", 
    "key": "qBFEDyC0Ee6b9YD6W2spCL", 
    "group": [
     {
      "__tuple__": true, 
      "items": [
       62, 
       "\u680f\u67461", 
       16384
      ]
     }, 
     {
      "__tuple__": true, 
      "items": [
       5, 
       "\u5de6\u95e8\u67f1", 
       16384
      ]
     }, 
     {
      "__tuple__": true, 
      "items": [
       3, 
       "\u56f4\u58991", 
       16384
      ]
     }, 
     {
      "__tuple__": true, 
      "items": [
       41, 
       "\u9635\u84252\u57fa\u5730", 
       16384
      ]
     }, 
     {
      "__tuple__": true, 
      "items": [
       8, 
       "\u56f4\u58991", 
       16384
      ]
     }, 
     {
      "__tuple__": true, 
      "items": [
       9, 
       "\u53f3\u95e8\u67f1", 
       16384
      ]
     }, 
     {
      "__tuple__": true, 
      "items": [
       11, 
       "\u5de6\u62d0\u89d2", 
       16384
      ]
     }, 
     {
      "__tuple__": true, 
      "items": [
       12, 
       "\u53f3\u62d0\u89d2", 
       16384
      ]
     }
    ], 
    "btn_visible": false
   }, 
   {
    "name": "\u5de6", 
    "key": "rBnzsCC3Ee6ObYD6W2spCE", 
    "group": [
     {
      "__tuple__": true, 
      "items": [
       39, 
       "\u56f4\u58991", 
       16384
      ]
     }, 
     {
      "__tuple__": true, 
      "items": [
       40, 
       "\u56f4\u58991", 
       16384
      ]
     }, 
     {
      "__tuple__": true, 
      "items": [
       43, 
       "\u56f4\u58991", 
       16384
      ]
     }, 
     {
      "__tuple__": true, 
      "items": [
       44, 
       "\u56f4\u58991", 
       16384
      ]
     }, 
     {
      "__tuple__": true, 
      "items": [
       45, 
       "\u67f1\u5b50", 
       16384
      ]
     }
    ], 
    "btn_visible": false
   }, 
   {
    "name": "\u53f3", 
    "key": "1LFXACC3Ee66HYD6W2spCM", 
    "group": [
     {
      "__tuple__": true, 
      "items": [
       20, 
       "\u56f4\u58991", 
       16384
      ]
     }, 
     {
      "__tuple__": true, 
      "items": [
       10, 
       "\u56f4\u58991", 
       16384
      ]
     }, 
     {
      "__tuple__": true, 
      "items": [
       21, 
       "\u56f4\u58991", 
       16384
      ]
     }, 
     {
      "__tuple__": true, 
      "items": [
       29, 
       "\u56f4\u58991", 
       16384
      ]
     }, 
     {
      "__tuple__": true, 
      "items": [
       30, 
       "\u67f1\u5b50", 
       16384
      ]
     }
    ], 
    "btn_visible": false
   }
  ], 
  "btn_visible": false
 }, 
 {
  "name": "\u8def\u969c", 
  "key": "bvQVgCC6Ee6NVID6W2spCK", 
  "group": [
   {
    "name": "\u4e2d\u90e8", 
    "key": "OhzoUSCwEe6sM4D6W2spCM", 
    "group": [
     {
      "name": "\u6728\u67611", 
      "key": "BDewESCyEe6MvYD6W2spCC", 
      "group": [
       {
        "__tuple__": true, 
        "items": [
         13, 
         "\u6728\u7bb11", 
         16384
        ]
       }, 
       {
        "__tuple__": true, 
        "items": [
         14, 
         "\u6728\u7bb11", 
         16384
        ]
       }, 
       {
        "__tuple__": true, 
        "items": [
         15, 
         "\u6728\u7bb11", 
         16384
        ]
       }, 
       {
        "__tuple__": true, 
        "items": [
         16, 
         "\u6728\u7bb11", 
         16384
        ]
       }, 
       {
        "__tuple__": true, 
        "items": [
         17, 
         "\u6728\u7bb11", 
         16384
        ]
       }
      ], 
      "btn_visible": false
     }, 
     {
      "name": "\u6728\u67612", 
      "key": "XWiibiCyEe6tiID6W2spCH", 
      "group": [
       {
        "__tuple__": true, 
        "items": [
         23, 
         "\u6728\u7bb11", 
         16384
        ]
       }, 
       {
        "__tuple__": true, 
        "items": [
         24, 
         "\u6728\u7bb11", 
         16384
        ]
       }, 
       {
        "__tuple__": true, 
        "items": [
         25, 
         "\u6728\u7bb11", 
         16384
        ]
       }, 
       {
        "__tuple__": true, 
        "items": [
         26, 
         "\u6728\u7bb11", 
         16384
        ]
       }, 
       {
        "__tuple__": true, 
        "items": [
         27, 
         "\u6728\u7bb11", 
         16384
        ]
       }
      ], 
      "btn_visible": false
     }, 
     {
      "__tuple__": true, 
      "items": [
       2, 
       "\u796d\u7940\u53f0", 
       2
      ]
     }, 
     {
      "name": "\u516c\u544a\u680f\uff08\u9635\u84251\uff09", 
      "key": "9xVZ4SFhEe6M0ID6W2spCI", 
      "group": [
       {
        "__tuple__": true, 
        "items": [
         7, 
         "\u516c\u544a\u680f3", 
         16384
        ]
       }, 
       {
        "__tuple__": true, 
        "items": [
         34, 
         "\u843d\u5730\u706f", 
         16384
        ]
       }, 
       {
        "__tuple__": true, 
        "items": [
         49, 
         "\u843d\u5730\u706f", 
         16384
        ]
       }, 
       {
        "__tuple__": true, 
        "items": [
         65, 
         "\u516c\u544a\u680f", 
         16384
        ]
       }, 
       {
        "__tuple__": true, 
        "items": [
         4, 
         "\u810f\u8ff9", 
         16384
        ]
       }, 
       {
        "__tuple__": true, 
        "items": [
         35, 
         "\u6ca5\u9752\u8def\u88c2\u7f1d", 
         16384
        ]
       }, 
       {
        "__tuple__": true, 
        "items": [
         59, 
         "\u810f\u8ff9", 
         16384
        ]
       }
      ], 
      "btn_visible": false
     }, 
     {
      "name": "\u516c\u544a\u680f\uff08\u9635\u84252\uff09", 
      "key": "EXw7TyFiEe6UlYD6W2spCL", 
      "group": [
       {
        "__tuple__": true, 
        "items": [
         66, 
         "\u843d\u5730\u706f", 
         16384
        ]
       }, 
       {
        "__tuple__": true, 
        "items": [
         67, 
         "\u843d\u5730\u706f", 
         16384
        ]
       }, 
       {
        "__tuple__": true, 
        "items": [
         68, 
         "\u516c\u544a\u680f", 
         16384
        ]
       }, 
       {
        "__tuple__": true, 
        "items": [
         6, 
         "\u516c\u544a\u680f3", 
         16384
        ]
       }, 
       {
        "__tuple__": true, 
        "items": [
         38, 
         "\u810f\u8ff9", 
         16384
        ]
       }, 
       {
        "__tuple__": true, 
        "items": [
         51, 
         "\u6ca5\u9752\u8def\u88c2\u7f1d", 
         16384
        ]
       }, 
       {
        "__tuple__": true, 
        "items": [
         60, 
         "\u6ca5\u9752\u8def\u88c2\u7f1d", 
         16384
        ]
       }, 
       {
        "__tuple__": true, 
        "items": [
         78, 
         "\u6ca5\u9752\u8def\u88c2\u7f1d", 
         16384
        ]
       }
      ], 
      "btn_visible": false
     }, 
     {
      "__tuple__": true, 
      "items": [
       31, 
       "\u6728\u7bb11", 
       16384
      ]
     }, 
     {
      "__tuple__": true, 
      "items": [
       32, 
       "\u6728\u7bb11", 
       16384
      ]
     }, 
     {
      "__tuple__": true, 
      "items": [
       36, 
       "\u6728\u7bb11", 
       16384
      ]
     }
    ], 
    "btn_visible": false
   }, 
   {
    "name": "\u5de6\u4fa7", 
    "key": "6s-4cCFcEe6QxYD6W2spCN", 
    "group": [
     {
      "name": "\u4f11\u95f2\u533a", 
      "key": "-edcTyFcEe61hoD6W2spCC", 
      "group": [
       {
        "__tuple__": true, 
        "items": [
         46, 
         "\u81ea\u52a8\u552e\u8d27\u673a", 
         16384
        ]
       }, 
       {
        "__tuple__": true, 
        "items": [
         47, 
         "\u7bb1\u5b50", 
         16384
        ]
       }, 
       {
        "__tuple__": true, 
        "items": [
         48, 
         "\u906e\u9633\u4f1e", 
         16384
        ]
       }, 
       {
        "__tuple__": true, 
        "items": [
         52, 
         "\u684c\u5b50", 
         16384
        ]
       }, 
       {
        "__tuple__": true, 
        "items": [
         22, 
         "\u6905\u5b50", 
         16384
        ]
       }, 
       {
        "__tuple__": true, 
        "items": [
         37, 
         "\u6905\u5b50", 
         16384
        ]
       }
      ], 
      "btn_visible": false
     }
    ], 
    "btn_visible": false
   }, 
   {
    "name": "\u53f3\u4fa7", 
    "key": "+CIBMCFcEe6tkoD6W2spCL", 
    "group": [
     {
      "name": "\u4f11\u95f2\u533a", 
      "key": "INm9wCFdEe6qzYD6W2spCP", 
      "group": [
       {
        "__tuple__": true, 
        "items": [
         53, 
         "\u684c\u5b50", 
         16384
        ]
       }, 
       {
        "__tuple__": true, 
        "items": [
         54, 
         "\u6905\u5b50", 
         16384
        ]
       }, 
       {
        "__tuple__": true, 
        "items": [
         55, 
         "\u6905\u5b50", 
         16384
        ]
       }, 
       {
        "__tuple__": true, 
        "items": [
         56, 
         "\u81ea\u52a8\u552e\u8d27\u673a", 
         16384
        ]
       }, 
       {
        "__tuple__": true, 
        "items": [
         57, 
         "\u7bb1\u5b50", 
         16384
        ]
       }, 
       {
        "__tuple__": true, 
        "items": [
         58, 
         "\u906e\u9633\u4f1e", 
         16384
        ]
       }
      ], 
      "btn_visible": false
     }
    ], 
    "btn_visible": false
   }, 
   {
    "name": "\u706f", 
    "key": "NV+eXiFgEe6AlID6W2spCO", 
    "group": [
     {
      "name": "\u88c5\u9970\uff08\u4e0d\u4eae\uff09", 
      "key": "TfLRQCFgEe64kID6W2spCL", 
      "group": [], 
      "btn_visible": false
     }
    ], 
    "btn_visible": false
   }
  ], 
  "btn_visible": false
 }, 
 {
  "name": "\u533a\u57df", 
  "key": "+gp3niFZEe6AnoD6W2spCB", 
  "group": [
   {
    "__tuple__": true, 
    "items": [
     10002, 
     "\u6218\u6597\u533a\u57df", 
     2048
    ]
   }
  ], 
  "btn_visible": true
 }, 
 {
  "name": "\u5730\u56fe\u5916\u690d\u88ab\u548c\u5c71\u77f3", 
  "key": "pkayniF3Ee6cU4D6W2spCO", 
  "group": [
   {
    "__tuple__": true, 
    "items": [
     91, 
     "\u67cf\u6811", 
     16384
    ]
   }, 
   {
    "__tuple__": true, 
    "items": [
     92, 
     "\u677e\u68112", 
     16384
    ]
   }, 
   {
    "__tuple__": true, 
    "items": [
     95, 
     "\u677e\u68112", 
     16384
    ]
   }, 
   {
    "__tuple__": true, 
    "items": [
     50, 
     "\u810f\u8ff9", 
     16384
    ]
   }, 
   {
    "__tuple__": true, 
    "items": [
     61, 
     "\u5c71\u77f31", 
     16384
    ]
   }, 
   {
    "__tuple__": true, 
    "items": [
     108, 
     "\u67cf\u6811", 
     16384
    ]
   }, 
   {
    "__tuple__": true, 
    "items": [
     109, 
     "\u67cf\u6811", 
     16384
    ]
   }, 
   {
    "__tuple__": true, 
    "items": [
     110, 
     "\u67cf\u6811", 
     16384
    ]
   }, 
   {
    "__tuple__": true, 
    "items": [
     111, 
     "\u67cf\u6811", 
     16384
    ]
   }, 
   {
    "__tuple__": true, 
    "items": [
     112, 
     "\u67cf\u6811", 
     16384
    ]
   }, 
   {
    "__tuple__": true, 
    "items": [
     113, 
     "\u67cf\u6811", 
     16384
    ]
   }, 
   {
    "__tuple__": true, 
    "items": [
     69, 
     "\u5c71\u77f35", 
     16384
    ]
   }, 
   {
    "__tuple__": true, 
    "items": [
     70, 
     "\u5c71\u77f34", 
     16384
    ]
   }, 
   {
    "__tuple__": true, 
    "items": [
     72, 
     "\u5c71\u77f32", 
     16384
    ]
   }, 
   {
    "__tuple__": true, 
    "items": [
     94, 
     "\u5c71\u77f35", 
     16384
    ]
   }, 
   {
    "__tuple__": true, 
    "items": [
     96, 
     "\u5c71\u77f32", 
     16384
    ]
   }, 
   {
    "__tuple__": true, 
    "items": [
     97, 
     "\u5c71\u77f31", 
     16384
    ]
   }, 
   {
    "__tuple__": true, 
    "items": [
     99, 
     "\u5c71\u77f34", 
     16384
    ]
   }, 
   {
    "__tuple__": true, 
    "items": [
     100, 
     "\u5c71\u77f33", 
     16384
    ]
   }, 
   {
    "__tuple__": true, 
    "items": [
     101, 
     "\u5c71\u77f32", 
     16384
    ]
   }, 
   {
    "__tuple__": true, 
    "items": [
     102, 
     "\u5c71\u77f34", 
     16384
    ]
   }, 
   {
    "__tuple__": true, 
    "items": [
     104, 
     "\u5c71\u77f35", 
     16384
    ]
   }, 
   {
    "__tuple__": true, 
    "items": [
     105, 
     "\u5c71\u77f32", 
     16384
    ]
   }, 
   {
    "__tuple__": true, 
    "items": [
     106, 
     "\u5c71\u77f34", 
     16384
    ]
   }, 
   {
    "__tuple__": true, 
    "items": [
     107, 
     "\u5c71\u77f31", 
     16384
    ]
   }, 
   {
    "__tuple__": true, 
    "items": [
     114, 
     "\u8def\u68071", 
     16384
    ]
   }, 
   {
    "__tuple__": true, 
    "items": [
     115, 
     "\u8def\u68071", 
     16384
    ]
   }, 
   {
    "__tuple__": true, 
    "items": [
     116, 
     "\u6986\u6811", 
     16384
    ]
   }, 
   {
    "__tuple__": true, 
    "items": [
     117, 
     "\u6986\u6811", 
     16384
    ]
   }, 
   {
    "__tuple__": true, 
    "items": [
     118, 
     "\u6986\u6811", 
     16384
    ]
   }, 
   {
    "__tuple__": true, 
    "items": [
     119, 
     "\u6986\u6811", 
     16384
    ]
   }, 
   {
    "__tuple__": true, 
    "items": [
     120, 
     "\u6986\u6811", 
     16384
    ]
   }, 
   {
    "__tuple__": true, 
    "items": [
     64, 
     "\u677e\u68111", 
     16384
    ]
   }, 
   {
    "__tuple__": true, 
    "items": [
     71, 
     "\u677e\u68111", 
     16384
    ]
   }, 
   {
    "__tuple__": true, 
    "items": [
     73, 
     "\u677e\u68111", 
     16384
    ]
   }, 
   {
    "__tuple__": true, 
    "items": [
     74, 
     "\u677e\u68111", 
     16384
    ]
   }, 
   {
    "__tuple__": true, 
    "items": [
     75, 
     "\u677e\u68111", 
     16384
    ]
   }, 
   {
    "__tuple__": true, 
    "items": [
     77, 
     "\u67cf\u6811", 
     16384
    ]
   }, 
   {
    "__tuple__": true, 
    "items": [
     79, 
     "\u677e\u68112", 
     16384
    ]
   }, 
   {
    "__tuple__": true, 
    "items": [
     80, 
     "\u677e\u68112", 
     16384
    ]
   }, 
   {
    "__tuple__": true, 
    "items": [
     76, 
     "\u677e\u68112", 
     16384
    ]
   }
  ], 
  "btn_visible": false
 }, 
 {
  "name": "\u5730\u56fe\u5185\u690d\u88ab", 
  "key": "U8oG3iGFEe69S4D6W2spCI", 
  "group": [
   {
    "__tuple__": true, 
    "items": [
     82, 
     "\u82b1\u83492", 
     16384
    ]
   }, 
   {
    "__tuple__": true, 
    "items": [
     84, 
     "\u83496", 
     16384
    ]
   }, 
   {
    "__tuple__": true, 
    "items": [
     85, 
     "\u83496", 
     16384
    ]
   }, 
   {
    "__tuple__": true, 
    "items": [
     86, 
     "\u83496", 
     16384
    ]
   }, 
   {
    "__tuple__": true, 
    "items": [
     87, 
     "\u83496", 
     16384
    ]
   }, 
   {
    "__tuple__": true, 
    "items": [
     88, 
     "\u83496", 
     16384
    ]
   }, 
   {
    "__tuple__": true, 
    "items": [
     89, 
     "\u83496", 
     16384
    ]
   }, 
   {
    "__tuple__": true, 
    "items": [
     124, 
     "\u83496", 
     16384
    ]
   }, 
   {
    "__tuple__": true, 
    "items": [
     125, 
     "\u83496", 
     16384
    ]
   }, 
   {
    "__tuple__": true, 
    "items": [
     126, 
     "\u83496", 
     16384
    ]
   }, 
   {
    "__tuple__": true, 
    "items": [
     127, 
     "\u83496", 
     16384
    ]
   }, 
   {
    "__tuple__": true, 
    "items": [
     128, 
     "\u83496", 
     16384
    ]
   }, 
   {
    "__tuple__": true, 
    "items": [
     129, 
     "\u83496", 
     16384
    ]
   }, 
   {
    "__tuple__": true, 
    "items": [
     130, 
     "\u83496", 
     16384
    ]
   }, 
   {
    "__tuple__": true, 
    "items": [
     131, 
     "\u83496", 
     16384
    ]
   }, 
   {
    "__tuple__": true, 
    "items": [
     132, 
     "\u83496", 
     16384
    ]
   }, 
   {
    "__tuple__": true, 
    "items": [
     133, 
     "\u83496", 
     16384
    ]
   }, 
   {
    "__tuple__": true, 
    "items": [
     134, 
     "\u83496", 
     16384
    ]
   }, 
   {
    "__tuple__": true, 
    "items": [
     135, 
     "\u83496", 
     16384
    ]
   }, 
   {
    "__tuple__": true, 
    "items": [
     136, 
     "\u83496", 
     16384
    ]
   }, 
   {
    "__tuple__": true, 
    "items": [
     137, 
     "\u83496", 
     16384
    ]
   }, 
   {
    "__tuple__": true, 
    "items": [
     138, 
     "\u83496", 
     16384
    ]
   }, 
   {
    "__tuple__": true, 
    "items": [
     139, 
     "\u83496", 
     16384
    ]
   }, 
   {
    "__tuple__": true, 
    "items": [
     140, 
     "\u83496", 
     16384
    ]
   }, 
   {
    "__tuple__": true, 
    "items": [
     142, 
     "\u83496", 
     16384
    ]
   }, 
   {
    "__tuple__": true, 
    "items": [
     143, 
     "\u83496", 
     16384
    ]
   }, 
   {
    "__tuple__": true, 
    "items": [
     144, 
     "\u83496", 
     16384
    ]
   }, 
   {
    "__tuple__": true, 
    "items": [
     145, 
     "\u83496", 
     16384
    ]
   }, 
   {
    "__tuple__": true, 
    "items": [
     146, 
     "\u83496", 
     16384
    ]
   }, 
   {
    "__tuple__": true, 
    "items": [
     147, 
     "\u83496", 
     16384
    ]
   }, 
   {
    "__tuple__": true, 
    "items": [
     148, 
     "\u83496", 
     16384
    ]
   }, 
   {
    "__tuple__": true, 
    "items": [
     149, 
     "\u83496", 
     16384
    ]
   }, 
   {
    "__tuple__": true, 
    "items": [
     150, 
     "\u83496", 
     16384
    ]
   }, 
   {
    "__tuple__": true, 
    "items": [
     151, 
     "\u83496", 
     16384
    ]
   }, 
   {
    "__tuple__": true, 
    "items": [
     152, 
     "\u83496", 
     16384
    ]
   }, 
   {
    "__tuple__": true, 
    "items": [
     153, 
     "\u83496", 
     16384
    ]
   }, 
   {
    "__tuple__": true, 
    "items": [
     154, 
     "\u83496", 
     16384
    ]
   }, 
   {
    "__tuple__": true, 
    "items": [
     155, 
     "\u83496", 
     16384
    ]
   }, 
   {
    "__tuple__": true, 
    "items": [
     156, 
     "\u83496", 
     16384
    ]
   }, 
   {
    "__tuple__": true, 
    "items": [
     157, 
     "\u83496", 
     16384
    ]
   }, 
   {
    "__tuple__": true, 
    "items": [
     158, 
     "\u83496", 
     16384
    ]
   }, 
   {
    "__tuple__": true, 
    "items": [
     159, 
     "\u83496", 
     16384
    ]
   }, 
   {
    "__tuple__": true, 
    "items": [
     160, 
     "\u83496", 
     16384
    ]
   }, 
   {
    "__tuple__": true, 
    "items": [
     161, 
     "\u83496", 
     16384
    ]
   }, 
   {
    "__tuple__": true, 
    "items": [
     162, 
     "\u83496", 
     16384
    ]
   }, 
   {
    "__tuple__": true, 
    "items": [
     163, 
     "\u83496", 
     16384
    ]
   }, 
   {
    "__tuple__": true, 
    "items": [
     164, 
     "\u83496", 
     16384
    ]
   }, 
   {
    "__tuple__": true, 
    "items": [
     165, 
     "\u83496", 
     16384
    ]
   }, 
   {
    "__tuple__": true, 
    "items": [
     166, 
     "\u83496", 
     16384
    ]
   }, 
   {
    "__tuple__": true, 
    "items": [
     167, 
     "\u83496", 
     16384
    ]
   }, 
   {
    "__tuple__": true, 
    "items": [
     168, 
     "\u83496", 
     16384
    ]
   }, 
   {
    "__tuple__": true, 
    "items": [
     169, 
     "\u83496", 
     16384
    ]
   }, 
   {
    "__tuple__": true, 
    "items": [
     170, 
     "\u83496", 
     16384
    ]
   }, 
   {
    "__tuple__": true, 
    "items": [
     171, 
     "\u83496", 
     16384
    ]
   }, 
   {
    "__tuple__": true, 
    "items": [
     172, 
     "\u83496", 
     16384
    ]
   }, 
   {
    "__tuple__": true, 
    "items": [
     173, 
     "\u83496", 
     16384
    ]
   }, 
   {
    "__tuple__": true, 
    "items": [
     175, 
     "\u83496", 
     16384
    ]
   }, 
   {
    "__tuple__": true, 
    "items": [
     176, 
     "\u83496", 
     16384
    ]
   }, 
   {
    "__tuple__": true, 
    "items": [
     177, 
     "\u83496", 
     16384
    ]
   }, 
   {
    "__tuple__": true, 
    "items": [
     178, 
     "\u83496", 
     16384
    ]
   }, 
   {
    "__tuple__": true, 
    "items": [
     179, 
     "\u83496", 
     16384
    ]
   }, 
   {
    "__tuple__": true, 
    "items": [
     180, 
     "\u83496", 
     16384
    ]
   }, 
   {
    "__tuple__": true, 
    "items": [
     181, 
     "\u83496", 
     16384
    ]
   }, 
   {
    "__tuple__": true, 
    "items": [
     182, 
     "\u83496", 
     16384
    ]
   }, 
   {
    "__tuple__": true, 
    "items": [
     183, 
     "\u83496", 
     16384
    ]
   }, 
   {
    "__tuple__": true, 
    "items": [
     184, 
     "\u83496", 
     16384
    ]
   }, 
   {
    "__tuple__": true, 
    "items": [
     185, 
     "\u83496", 
     16384
    ]
   }, 
   {
    "__tuple__": true, 
    "items": [
     186, 
     "\u83496", 
     16384
    ]
   }, 
   {
    "__tuple__": true, 
    "items": [
     187, 
     "\u83496", 
     16384
    ]
   }, 
   {
    "__tuple__": true, 
    "items": [
     190, 
     "\u83496", 
     16384
    ]
   }, 
   {
    "__tuple__": true, 
    "items": [
     191, 
     "\u83496", 
     16384
    ]
   }, 
   {
    "__tuple__": true, 
    "items": [
     192, 
     "\u83496", 
     16384
    ]
   }, 
   {
    "__tuple__": true, 
    "items": [
     193, 
     "\u83496", 
     16384
    ]
   }, 
   {
    "__tuple__": true, 
    "items": [
     194, 
     "\u83496", 
     16384
    ]
   }, 
   {
    "__tuple__": true, 
    "items": [
     195, 
     "\u83496", 
     16384
    ]
   }, 
   {
    "__tuple__": true, 
    "items": [
     196, 
     "\u83496", 
     16384
    ]
   }, 
   {
    "__tuple__": true, 
    "items": [
     197, 
     "\u83496", 
     16384
    ]
   }, 
   {
    "__tuple__": true, 
    "items": [
     198, 
     "\u83496", 
     16384
    ]
   }, 
   {
    "__tuple__": true, 
    "items": [
     199, 
     "\u83496", 
     16384
    ]
   }, 
   {
    "__tuple__": true, 
    "items": [
     90, 
     "\u83496", 
     16384
    ]
   }, 
   {
    "__tuple__": true, 
    "items": [
     93, 
     "\u83496", 
     16384
    ]
   }, 
   {
    "__tuple__": true, 
    "items": [
     98, 
     "\u83496", 
     16384
    ]
   }, 
   {
    "__tuple__": true, 
    "items": [
     103, 
     "\u83496", 
     16384
    ]
   }, 
   {
    "__tuple__": true, 
    "items": [
     121, 
     "\u83496", 
     16384
    ]
   }, 
   {
    "__tuple__": true, 
    "items": [
     122, 
     "\u83496", 
     16384
    ]
   }, 
   {
    "__tuple__": true, 
    "items": [
     123, 
     "\u83496", 
     16384
    ]
   }, 
   {
    "__tuple__": true, 
    "items": [
     141, 
     "\u83496", 
     16384
    ]
   }, 
   {
    "__tuple__": true, 
    "items": [
     174, 
     "\u83496", 
     16384
    ]
   }, 
   {
    "__tuple__": true, 
    "items": [
     189, 
     "\u83496", 
     16384
    ]
   }, 
   {
    "__tuple__": true, 
    "items": [
     201, 
     "\u83496", 
     16384
    ]
   }, 
   {
    "__tuple__": true, 
    "items": [
     202, 
     "\u83496", 
     16384
    ]
   }, 
   {
    "__tuple__": true, 
    "items": [
     203, 
     "\u83496", 
     16384
    ]
   }, 
   {
    "__tuple__": true, 
    "items": [
     204, 
     "\u83496", 
     16384
    ]
   }, 
   {
    "__tuple__": true, 
    "items": [
     205, 
     "\u83496", 
     16384
    ]
   }, 
   {
    "__tuple__": true, 
    "items": [
     206, 
     "\u83496", 
     16384
    ]
   }, 
   {
    "__tuple__": true, 
    "items": [
     207, 
     "\u83496", 
     16384
    ]
   }, 
   {
    "__tuple__": true, 
    "items": [
     208, 
     "\u83496", 
     16384
    ]
   }, 
   {
    "__tuple__": true, 
    "items": [
     209, 
     "\u83496", 
     16384
    ]
   }, 
   {
    "__tuple__": true, 
    "items": [
     210, 
     "\u83496", 
     16384
    ]
   }, 
   {
    "__tuple__": true, 
    "items": [
     211, 
     "\u83496", 
     16384
    ]
   }, 
   {
    "__tuple__": true, 
    "items": [
     212, 
     "\u83496", 
     16384
    ]
   }, 
   {
    "__tuple__": true, 
    "items": [
     213, 
     "\u83496", 
     16384
    ]
   }, 
   {
    "__tuple__": true, 
    "items": [
     214, 
     "\u83496", 
     16384
    ]
   }, 
   {
    "__tuple__": true, 
    "items": [
     215, 
     "\u83496", 
     16384
    ]
   }, 
   {
    "__tuple__": true, 
    "items": [
     217, 
     "\u83496", 
     16384
    ]
   }, 
   {
    "__tuple__": true, 
    "items": [
     218, 
     "\u83496", 
     16384
    ]
   }, 
   {
    "__tuple__": true, 
    "items": [
     219, 
     "\u83496", 
     16384
    ]
   }, 
   {
    "__tuple__": true, 
    "items": [
     229, 
     "\u83496", 
     16384
    ]
   }, 
   {
    "__tuple__": true, 
    "items": [
     230, 
     "\u83496", 
     16384
    ]
   }, 
   {
    "__tuple__": true, 
    "items": [
     231, 
     "\u83496", 
     16384
    ]
   }, 
   {
    "__tuple__": true, 
    "items": [
     234, 
     "\u83496", 
     16384
    ]
   }, 
   {
    "__tuple__": true, 
    "items": [
     235, 
     "\u83496", 
     16384
    ]
   }, 
   {
    "__tuple__": true, 
    "items": [
     236, 
     "\u83496", 
     16384
    ]
   }, 
   {
    "__tuple__": true, 
    "items": [
     241, 
     "\u83496", 
     16384
    ]
   }, 
   {
    "__tuple__": true, 
    "items": [
     242, 
     "\u83496", 
     16384
    ]
   }, 
   {
    "__tuple__": true, 
    "items": [
     244, 
     "\u83496", 
     16384
    ]
   }, 
   {
    "__tuple__": true, 
    "items": [
     245, 
     "\u83496", 
     16384
    ]
   }, 
   {
    "__tuple__": true, 
    "items": [
     246, 
     "\u83496", 
     16384
    ]
   }, 
   {
    "__tuple__": true, 
    "items": [
     247, 
     "\u83496", 
     16384
    ]
   }, 
   {
    "__tuple__": true, 
    "items": [
     248, 
     "\u83496", 
     16384
    ]
   }, 
   {
    "__tuple__": true, 
    "items": [
     249, 
     "\u83496", 
     16384
    ]
   }, 
   {
    "__tuple__": true, 
    "items": [
     250, 
     "\u83496", 
     16384
    ]
   }, 
   {
    "__tuple__": true, 
    "items": [
     251, 
     "\u83496", 
     16384
    ]
   }, 
   {
    "__tuple__": true, 
    "items": [
     252, 
     "\u83496", 
     16384
    ]
   }, 
   {
    "__tuple__": true, 
    "items": [
     253, 
     "\u83496", 
     16384
    ]
   }, 
   {
    "__tuple__": true, 
    "items": [
     254, 
     "\u83496", 
     16384
    ]
   }, 
   {
    "__tuple__": true, 
    "items": [
     255, 
     "\u83496", 
     16384
    ]
   }, 
   {
    "__tuple__": true, 
    "items": [
     256, 
     "\u83496", 
     16384
    ]
   }, 
   {
    "__tuple__": true, 
    "items": [
     257, 
     "\u83496", 
     16384
    ]
   }, 
   {
    "__tuple__": true, 
    "items": [
     258, 
     "\u83496", 
     16384
    ]
   }, 
   {
    "__tuple__": true, 
    "items": [
     259, 
     "\u83496", 
     16384
    ]
   }, 
   {
    "__tuple__": true, 
    "items": [
     260, 
     "\u83496", 
     16384
    ]
   }, 
   {
    "__tuple__": true, 
    "items": [
     261, 
     "\u83496", 
     16384
    ]
   }, 
   {
    "__tuple__": true, 
    "items": [
     262, 
     "\u83496", 
     16384
    ]
   }, 
   {
    "__tuple__": true, 
    "items": [
     263, 
     "\u83496", 
     16384
    ]
   }, 
   {
    "__tuple__": true, 
    "items": [
     265, 
     "\u83496", 
     16384
    ]
   }, 
   {
    "__tuple__": true, 
    "items": [
     266, 
     "\u83496", 
     16384
    ]
   }, 
   {
    "__tuple__": true, 
    "items": [
     267, 
     "\u83496", 
     16384
    ]
   }, 
   {
    "__tuple__": true, 
    "items": [
     268, 
     "\u83496", 
     16384
    ]
   }, 
   {
    "__tuple__": true, 
    "items": [
     270, 
     "\u83496", 
     16384
    ]
   }, 
   {
    "__tuple__": true, 
    "items": [
     271, 
     "\u83496", 
     16384
    ]
   }, 
   {
    "__tuple__": true, 
    "items": [
     272, 
     "\u83496", 
     16384
    ]
   }, 
   {
    "__tuple__": true, 
    "items": [
     273, 
     "\u83496", 
     16384
    ]
   }, 
   {
    "__tuple__": true, 
    "items": [
     274, 
     "\u83496", 
     16384
    ]
   }, 
   {
    "__tuple__": true, 
    "items": [
     276, 
     "\u83496", 
     16384
    ]
   }, 
   {
    "__tuple__": true, 
    "items": [
     200, 
     "\u810f\u8ff9", 
     16384
    ]
   }, 
   {
    "__tuple__": true, 
    "items": [
     216, 
     "\u810f\u8ff9", 
     16384
    ]
   }, 
   {
    "__tuple__": true, 
    "items": [
     220, 
     "\u6ca5\u9752\u8def\u88c2\u7f1d", 
     16384
    ]
   }, 
   {
    "__tuple__": true, 
    "items": [
     221, 
     "\u810f\u8ff9", 
     16384
    ]
   }, 
   {
    "__tuple__": true, 
    "items": [
     222, 
     "\u810f\u8ff9", 
     16384
    ]
   }, 
   {
    "__tuple__": true, 
    "items": [
     223, 
     "\u810f\u8ff9", 
     16384
    ]
   }, 
   {
    "__tuple__": true, 
    "items": [
     224, 
     "\u6ca5\u9752\u8def\u88c2\u7f1d", 
     16384
    ]
   }, 
   {
    "__tuple__": true, 
    "items": [
     278, 
     "\u83496", 
     16384
    ]
   }, 
   {
    "__tuple__": true, 
    "items": [
     279, 
     "\u83496", 
     16384
    ]
   }, 
   {
    "__tuple__": true, 
    "items": [
     280, 
     "\u83496", 
     16384
    ]
   }, 
   {
    "__tuple__": true, 
    "items": [
     281, 
     "\u83496", 
     16384
    ]
   }, 
   {
    "__tuple__": true, 
    "items": [
     282, 
     "\u83496", 
     16384
    ]
   }, 
   {
    "__tuple__": true, 
    "items": [
     283, 
     "\u83496", 
     16384
    ]
   }, 
   {
    "__tuple__": true, 
    "items": [
     285, 
     "\u83496", 
     16384
    ]
   }, 
   {
    "__tuple__": true, 
    "items": [
     286, 
     "\u83496", 
     16384
    ]
   }, 
   {
    "__tuple__": true, 
    "items": [
     287, 
     "\u83496", 
     16384
    ]
   }, 
   {
    "__tuple__": true, 
    "items": [
     288, 
     "\u83496", 
     16384
    ]
   }, 
   {
    "__tuple__": true, 
    "items": [
     289, 
     "\u83496", 
     16384
    ]
   }, 
   {
    "__tuple__": true, 
    "items": [
     290, 
     "\u82b1\u83492", 
     16384
    ]
   }, 
   {
    "__tuple__": true, 
    "items": [
     291, 
     "\u82b1\u83492", 
     16384
    ]
   }, 
   {
    "__tuple__": true, 
    "items": [
     292, 
     "\u82b1\u83492", 
     16384
    ]
   }, 
   {
    "__tuple__": true, 
    "items": [
     293, 
     "\u82b1\u83492", 
     16384
    ]
   }, 
   {
    "__tuple__": true, 
    "items": [
     294, 
     "\u82b1\u83492", 
     16384
    ]
   }, 
   {
    "__tuple__": true, 
    "items": [
     295, 
     "\u82b1\u83492", 
     16384
    ]
   }, 
   {
    "__tuple__": true, 
    "items": [
     296, 
     "\u82b1\u83492", 
     16384
    ]
   }, 
   {
    "__tuple__": true, 
    "items": [
     297, 
     "\u82b1\u83492", 
     16384
    ]
   }
  ], 
  "btn_visible": false
 }, 
 {
  "name": "\u5149\u7167", 
  "key": "Mm-73iGJEe6AdYD6W2spCK", 
  "group": [
   {
    "__tuple__": true, 
    "items": [
     225, 
     "\u8def\u706f9", 
     16384
    ]
   }, 
   {
    "__tuple__": true, 
    "items": [
     81, 
     "\u8def\u706f6", 
     16384
    ]
   }, 
   {
    "__tuple__": true, 
    "items": [
     83, 
     "\u8def\u706f6", 
     16384
    ]
   }, 
   {
    "__tuple__": true, 
    "items": [
     188, 
     "\u8def\u706f9", 
     16384
    ]
   }, 
   {
    "__tuple__": true, 
    "items": [
     10003, 
     "\u70b9\u5149\u6e90", 
     131072
    ]
   }, 
   {
    "__tuple__": true, 
    "items": [
     10004, 
     "\u70b9\u5149\u6e90", 
     131072
    ]
   }, 
   {
    "__tuple__": true, 
    "items": [
     10005, 
     "\u70b9\u5149\u6e90", 
     131072
    ]
   }, 
   {
    "__tuple__": true, 
    "items": [
     10006, 
     "\u70b9\u5149\u6e90", 
     131072
    ]
   }
  ], 
  "btn_visible": false
 }, 
 {
  "name": "\u9053\u5177\u548c\u968f\u673a\u9053\u5177\u751f\u6210\u70b9", 
  "key": "q85AXiJGEe6htID6W2spCI", 
  "group": [
   {
    "__tuple__": true, 
    "items": [
     10007, 
     "\u968f\u673a\u9053\u5177\u751f\u6210\u70b9", 
     1024
    ]
   }, 
   {
    "__tuple__": true, 
    "items": [
     10008, 
     "\u968f\u673a\u9053\u5177\u751f\u6210\u70b9", 
     1024
    ]
   }, 
   {
    "__tuple__": true, 
    "items": [
     10009, 
     "\u968f\u673a\u9053\u5177\u751f\u6210\u70b9", 
     1024
    ]
   }, 
   {
    "__tuple__": true, 
    "items": [
     10010, 
     "\u968f\u673a\u9053\u5177\u751f\u6210\u70b9", 
     1024
    ]
   }, 
   {
    "__tuple__": true, 
    "items": [
     10011, 
     "\u968f\u673a\u9053\u5177\u751f\u6210\u70b9", 
     1024
    ]
   }, 
   {
    "__tuple__": true, 
    "items": [
     10012, 
     "\u968f\u673a\u9053\u5177\u751f\u6210\u70b9", 
     1024
    ]
   }, 
   {
    "__tuple__": true, 
    "items": [
     10013, 
     "\u968f\u673a\u9053\u5177\u751f\u6210\u70b9", 
     1024
    ]
   }, 
   {
    "__tuple__": true, 
    "items": [
     10014, 
     "\u968f\u673a\u9053\u5177\u751f\u6210\u70b9", 
     1024
    ]
   }, 
   {
    "__tuple__": true, 
    "items": [
     10017, 
     "\u968f\u673a\u9053\u5177\u751f\u6210\u70b9", 
     1024
    ]
   }, 
   {
    "__tuple__": true, 
    "items": [
     10018, 
     "\u968f\u673a\u9053\u5177\u751f\u6210\u70b9", 
     1024
    ]
   }, 
   {
    "__tuple__": true, 
    "items": [
     10019, 
     "\u968f\u673a\u9053\u5177\u751f\u6210\u70b9", 
     1024
    ]
   }, 
   {
    "__tuple__": true, 
    "items": [
     10020, 
     "\u968f\u673a\u9053\u5177\u751f\u6210\u70b9", 
     1024
    ]
   }, 
   {
    "__tuple__": true, 
    "items": [
     10021, 
     "\u968f\u673a\u9053\u5177\u751f\u6210\u70b9", 
     1024
    ]
   }, 
   {
    "__tuple__": true, 
    "items": [
     10022, 
     "\u968f\u673a\u9053\u5177\u751f\u6210\u70b9", 
     1024
    ]
   }, 
   {
    "__tuple__": true, 
    "items": [
     10023, 
     "\u968f\u673a\u9053\u5177\u751f\u6210\u70b9", 
     1024
    ]
   }, 
   {
    "__tuple__": true, 
    "items": [
     10024, 
     "\u968f\u673a\u9053\u5177\u751f\u6210\u70b9", 
     1024
    ]
   }, 
   {
    "__tuple__": true, 
    "items": [
     10025, 
     "\u968f\u673a\u9053\u5177\u751f\u6210\u70b9", 
     1024
    ]
   }, 
   {
    "__tuple__": true, 
    "items": [
     10026, 
     "\u968f\u673a\u9053\u5177\u751f\u6210\u70b9", 
     1024
    ]
   }, 
   {
    "__tuple__": true, 
    "items": [
     10027, 
     "\u968f\u673a\u9053\u5177\u751f\u6210\u70b9", 
     1024
    ]
   }, 
   {
    "__tuple__": true, 
    "items": [
     10028, 
     "\u968f\u673a\u9053\u5177\u751f\u6210\u70b9", 
     1024
    ]
   }, 
   {
    "__tuple__": true, 
    "items": [
     10029, 
     "\u968f\u673a\u9053\u5177\u751f\u6210\u70b9", 
     1024
    ]
   }, 
   {
    "__tuple__": true, 
    "items": [
     10030, 
     "\u968f\u673a\u9053\u5177\u751f\u6210\u70b9", 
     1024
    ]
   }, 
   {
    "__tuple__": true, 
    "items": [
     9, 
     "\u52a0\u901f\u9053\u5177", 
     64
    ]
   }, 
   {
    "__tuple__": true, 
    "items": [
     10, 
     "\u52a0\u901f\u9053\u5177", 
     64
    ]
   }, 
   {
    "__tuple__": true, 
    "items": [
     4, 
     "\u62a4\u76fe\u9053\u5177", 
     64
    ]
   }, 
   {
    "__tuple__": true, 
    "items": [
     5, 
     "\u62a4\u76fe\u9053\u5177", 
     64
    ]
   }, 
   {
    "__tuple__": true, 
    "items": [
     1, 
     "\u56de\u8840\u9053\u5177", 
     64
    ]
   }, 
   {
    "__tuple__": true, 
    "items": [
     3, 
     "\u56de\u8840\u9053\u5177", 
     64
    ]
   }, 
   {
    "__tuple__": true, 
    "items": [
     6, 
     "\u6280\u80fd\u4e66\u9053\u5177", 
     64
    ]
   }, 
   {
    "__tuple__": true, 
    "items": [
     7, 
     "\u6280\u80fd\u4e66\u9053\u5177", 
     64
    ]
   }, 
   {
    "__tuple__": true, 
    "items": [
     8, 
     "\u6280\u80fd\u4e66\u9053\u5177", 
     64
    ]
   }, 
   {
    "__tuple__": true, 
    "items": [
     11, 
     "\u6280\u80fd\u4e66\u9053\u5177", 
     64
    ]
   }, 
   {
    "__tuple__": true, 
    "items": [
     10035, 
     "AI\u6c47\u96c6\u70b9", 
     1024
    ]
   }, 
   {
    "__tuple__": true, 
    "items": [
     16, 
     "\u98de\u884c\u4e95", 
     4
    ]
   }, 
   {
    "__tuple__": true, 
    "items": [
     17, 
     "\u98de\u884c\u4e95", 
     4
    ]
   }
  ], 
  "btn_visible": false
 }, 
 {
  "name": "\u91ce\u602a\u751f\u6210\u533a\u57df", 
  "key": "lOpP4SJhEe6isYD6W2spCI", 
  "group": [
   {
    "__tuple__": true, 
    "items": [
     10031, 
     "\u91ce\u602a\u533a\u57df\uff08\u9635\u84251\uff09", 
     2048
    ]
   }, 
   {
    "__tuple__": true, 
    "items": [
     10032, 
     "\u91ce\u602a\u533a\u57df\uff08\u9635\u84251\uff09", 
     2048
    ]
   }, 
   {
    "__tuple__": true, 
    "items": [
     10033, 
     "\u91ce\u602a\u533a\u57df\uff08\u9635\u84252\uff09", 
     2048
    ]
   }, 
   {
    "__tuple__": true, 
    "items": [
     10034, 
     "\u91ce\u602a\u533a\u57df\uff08\u9635\u84252\uff09", 
     2048
    ]
   }
  ], 
  "btn_visible": false
 }, 
 {
  "__tuple__": true, 
  "items": [
   10037, 
   "Cine1Animation", 
   2097152
  ]
 }, 
 {
  "__tuple__": true, 
  "items": [
   10039, 
   "Cine2Animation", 
   2097152
  ]
 }
]